Rank,Release Date,Movie,Production Budget,Domestic Gross,Worldwide Gross
1,12/18/2009,Avatar,425000000,760507625,2783918982
2,5/20/2011,Pirates of the Caribbean: On Stranger Tides,410600000,241063875,1045663875
3,5/1/2015,Avengers: Age of Ultron,330600000,459005868,1408218722
4,12/18/2015,Star Wars Ep. VII: The Force Awakens,306000000,936662225,2058662225
5,5/24/2007,Pirates of the Caribbean: At World’s End,300000000,309420425,963420425
6,11/6/2015,Spectre,300000000,200074175,879620923
7,7/20/2012,The Dark Knight Rises,275000000,448139099,1084439099
8,7/2/2013,The Lone Ranger,275000000,89302115,260002115
9,3/9/2012,John Carter,275000000,73058679,282778100
10,11/24/2010,Tangled,260000000,200821936,586581936
11,5/4/2007,Spider-Man 3,258000000,336530303,894860230
12,5/6/2016,Captain America: Civil War,250000000,408084349,1153304495
13,3/25/2016,Batman v Superman: Dawn of Justice,250000000,330360194,868160194
14,12/14/2012,The Hobbit: An Unexpected Journey,250000000,303003568,1017003568
15,7/15/2009,Harry Potter and the Half-Blood Prince,250000000,301959197,935083686
16,12/13/2013,The Hobbit: The Desolation of Smaug,250000000,258366855,960366855
17,12/17/2014,The Hobbit: The Battle of the Five Armies,250000000,255119788,955119788
18,4/14/2017,The Fate of the Furious,250000000,225764765,1237444462
19,6/28/2006,Superman Returns,232000000,200120000,374085065
20,5/26/2017,Pirates of the Caribbean: Dead Men Tell No Tales,230000000,172558876,784610092
21,11/14/2008,Quantum of Solace,230000000,169368427,591692078
22,5/4/2012,The Avengers,225000000,623279547,1519479547
23,7/7/2006,Pirates of the Caribbean: Dead Man’s Chest,225000000,423315812,1066215812
24,6/14/2013,Man of Steel,225000000,291045518,667999518
25,5/16/2008,The Chronicles of Narnia: Prince Caspian,225000000,141621490,417341288
26,7/3/2012,The Amazing Spider-Man,220000000,262030663,757890267
27,6/21/2017,Transformers: The Last Knight,217000000,130168683,603968683
28,6/12/2015,Jurassic World,215000000,652198010,1671640593
29,5/25/2012,Men in Black 3,215000000,179020854,654213485
30,6/24/2009,Transformers: Revenge of the Fallen,210000000,402111870,836519699
31,6/27/2014,Transformers: Age of Extinction,210000000,245439076,1104039076
32,5/26/2006,X-Men: The Last Stand,210000000,234362462,459260946
33,5/14/2010,Robin Hood,210000000,105269730,322241588
34,5/18/2012,Battleship,209000000,65233400,305218228
35,12/14/2005,King Kong,207000000,218080025,550517357
36,12/7/2007,The Golden Compass,205000000,70107728,367262558
37,12/19/1997,Titanic,200000000,658672302,2207615668
38,12/16/2016,Rogue One: A Star Wars Story,200000000,532177324,1050988488
39,6/17/2016,Finding Dory,200000000,486295561,1022617376
40,6/18/2010,Toy Story 3,200000000,415004880,1069818229
41,5/3/2013,Iron Man 3,200000000,408992272,1215392272
42,5/5/2017,Guardians of the Galaxy Vol 2,200000000,389813101,860477263
43,6/30/2004,Spider-Man 2,200000000,373524485,795110670
44,3/5/2010,Alice in Wonderland,200000000,334191110,1025491110
45,11/8/2012,Skyfall,200000000,304360277,1110526981
46,6/21/2013,Monsters University,200000000,268488329,743588329
47,3/8/2013,Oz the Great and Powerful,200000000,234770996,490359051
48,5/23/2014,X-Men: Days of Future Past,200000000,233921534,747862775
49,5/2/2014,The Amazing Spider-Man 2,200000000,202853933,708996336
50,6/24/2011,Cars 2,200000000,191450875,560155383
51,12/17/2010,Tron: Legacy,200000000,172062763,400062763
52,11/13/2009,2012,200000000,166112167,788408539
53,5/21/2009,Terminator Salvation,200000000,125322469,365491792
54,6/17/2011,Green Lantern,200000000,116601172,219535492
55,5/28/2010,Prince of Persia: Sands of Time,200000000,90759676,314594597
56,6/29/2011,Transformers: Dark of the Moon,195000000,352390543,1123790543
57,6/9/2017,The Mummy,195000000,80101125,409076392
58,3/1/2013,Jack the Giant Slayer,195000000,65187603,197687603
59,4/3/2015,Furious 7,190000000,351032910,1516748684
60,5/16/2013,Star Trek Into Darkness,190000000,228778661,467381584
61,6/21/2013,World War Z,190000000,202359711,531514650
62,5/10/2013,The Great Gatsby,190000000,144840419,351040419
63,11/6/2009,Disney's A Christmas Carol,190000000,137855863,315709697
64,7/12/2013,Pacific Rim,190000000,101802906,411002906
65,11/25/2015,The Good Dinosaur,187500000,123087120,334342692
66,5/2/2008,Iron Man,186000000,318604126,585171547
67,7/18/2008,The Dark Knight,185000000,533345358,1001620618
68,5/22/2008,Indiana Jones and the Kingdom of the Crystal Skull,185000000,317023851,786558145
69,6/22/2012,Brave,185000000,237282182,554606532
70,3/10/2017,Kong: Skull Island,185000000,168052812,561137727
71,7/22/2016,Star Trek Beyond,185000000,158848340,336398312
72,10/6/2017,Blade Runner 2049,185000000,75985227,195775505
73,12/9/2005,"The Chronicles of Narnia: The Lion, the Witch and the Wardrobe",180000000,291710957,720539572
74,5/30/2014,Maleficent,180000000,241407328,758536735
75,11/18/2016,Fantastic Beasts and Where to Find Them,180000000,234037575,803798342
76,6/27/2008,WALL-E,180000000,223808164,532590994
77,8/10/2007,Rush Hour 3,180000000,140125968,256585882
78,7/1/2016,The Legend of Tarzan,180000000,126643061,349143061
79,11/23/2011,Hugo,180000000,73864507,180047784
80,7/21/2017,Valerian and the City of a Thousand Planets,180000000,40479370,215116144
81,2/6/2015,Jupiter Ascending,179000000,47482519,181982519
82,5/27/2016,X-Men: Apocalypse,178000000,155442489,542742489
83,6/6/2014,Edge of Tomorrow,178000000,100206256,370541256
84,4/15/2016,The Jungle Book,175000000,364001123,963901123
85,6/19/2015,Inside Out,175000000,356461711,853707581
86,7/7/2017,Spider-Man: Homecoming,175000000,333777094,879237722
87,8/5/2016,Suicide Squad,175000000,325100054,746100054
88,5/29/2009,Up,175000000,293004164,731542621
89,3/27/2009,Monsters vs. Aliens,175000000,198351526,381687380
90,8/7/2009,G.I. Joe: The Rise of Cobra,175000000,150201498,302469017
91,6/30/1999,Wild Wild West,175000000,113805681,221229335
92,8/1/2008,The Mummy: Tomb of the Dragon Emperor,175000000,102491776,405760225
93,6/22/2007,Evan Almighty,175000000,100289690,174131329
94,7/28/1995,Waterworld,175000000,88246220,264246220
95,5/12/2017,King Arthur: Legend of the Sword,175000000,39175066,140012608
96,12/25/2013,47 Ronin,175000000,38362475,151716815
97,12/31/2020,Singularity,175000000,0,0
98,8/1/2014,Guardians of the Galaxy,170000000,333172112,771051335
99,5/7/2010,Iron Man 2,170000000,312433331,621156389
100,4/4/2014,Captain America: The Winter Soldier,170000000,259746958,714401889
101,7/11/2014,Dawn of the Planet of the Apes,170000000,208545589,710644566
102,11/10/2004,The Polar Express,170000000,194949659,319090241
103,6/1/2012,Snow White and the Huntsman,170000000,155136755,401021746
104,7/1/2003,Terminator 3: Rise of the Machines,170000000,150358296,433058296
105,5/7/2004,Van Helsing,170000000,120150546,300150546
106,5/22/2015,Tomorrowland,170000000,93436322,207283457
107,5/27/2016,Alice Through the Looking Glass,170000000,77042381,277442381
108,5/21/2010,Shrek Forever After,165000000,238736787,756244673
109,11/4/2016,Doctor Strange,165000000,232641920,677541920
110,11/7/2014,Big Hero 6,165000000,222527828,652127828
111,3/26/2010,How to Train Your Dragon,165000000,217581231,494870991
112,11/2/2012,Wreck-It Ralph,165000000,189412677,496511521
113,11/5/2014,Interstellar,165000000,188017894,667752422
114,6/24/2016,Independence Day: Resurgence,165000000,103144286,387644286
115,7/29/2011,Cowboys and Aliens,163000000,100240551,175910315
116,3/17/2017,Beauty and the Beast,160000000,504014165,1257523876
117,5/17/2007,Shrek the Third,160000000,322719944,807330936
118,7/16/2010,Inception,160000000,292576195,832402082
119,11/20/2015,The Hunger Games: Mockingjay - Part 2,160000000,281723902,650523427
120,5/24/2013,Fast and Furious 6,160000000,238679850,789300444
121,5/16/2014,Godzilla,160000000,200676069,529076069
122,6/3/2011,X-Men: First Class,160000000,146408305,355408305
123,12/25/2008,The Curious Case of Benjamin Button,160000000,127509326,329809326
124,7/14/2010,The Sorcerer's Apprentice,160000000,63150991,217986320
125,5/12/2006,Poseidon,160000000,60674817,181674817
126,6/10/2016,Warcraft,160000000,47225655,433125655
127,12/18/2018,Aquaman,160000000,0,0
128,9/30/2016,Deepwater Horizon,156000000,61433527,122931214
129,12/10/2010,The Chronicles of Narnia: The Voyage of the Dawn Treader,155000000,104386950,418186950
130,7/1/2015,Terminator: Genisys,155000000,89760956,440160956
131,11/24/2004,Alexander,155000000,34297191,167297191
132,7/14/2017,War for the Planet of the Apes,152000000,146752120,490152120
133,5/25/2001,Pearl Harbor,151500000,198539855,449239855
134,7/2/2007,Transformers,151000000,319246193,708272592
135,6/2/2017,Wonder Woman,150000000,412529810,816979217
136,11/22/2013,Frozen,150000000,400738009,1274234980
137,3/4/2016,Zootopia,150000000,341268248,1019920974
138,7/11/2007,Harry Potter and the Order of the Phoenix,150000000,292004738,942943935
139,11/18/2005,Harry Potter and the Goblet of Fire,150000000,290013036,896911078
140,5/15/2003,The Matrix Reloaded,150000000,281553689,738576929
141,12/14/2007,I am Legend,150000000,256393010,585532684
142,11/23/2016,Moana,150000000,248757044,639537208
143,7/1/2008,Hancock,150000000,227946274,624234272
144,7/15/2005,Charlie and the Chocolate Factory,150000000,206459076,475825484
145,6/29/2007,Ratatouille,150000000,206445654,626549695
146,11/8/2013,Thor: The Dark World,150000000,206362140,644602516
147,6/15/2005,Batman Begins,150000000,205343774,359142722
148,7/31/2015,Mission: Impossible—Rogue Nation,150000000,195042377,700868363
149,7/21/2017,Dunkirk,150000000,187762403,506112907
150,5/6/2011,Thor,150000000,181030624,449326618
151,11/7/2008,Madagascar: Escape 2 Africa,150000000,180010950,599516844
152,5/1/2009,X-Men Origins: Wolverine,150000000,179883157,374825760
153,5/22/2009,Night at the Museum: Battle of the Smithsonian,150000000,177243721,402231063
154,5/26/2011,Kung Fu Panda 2,150000000,165249063,664837547
155,5/15/2015,Mad Max: Fury Road,150000000,153636354,370742166
156,11/5/2003,The Matrix Revolutions,150000000,139270910,427300260
157,5/5/2006,Mission: Impossible III,150000000,133501348,397501348
158,5/15/2009,Angels & Demons,150000000,133375846,490875846
159,5/14/2004,Troy,150000000,133298577,484161265
160,7/1/2010,The Last Airbender,150000000,131772187,319713881
161,11/2/2007,Bee Movie,150000000,126631277,287594577
162,7/24/2009,G-Force,150000000,119436770,292817841
163,11/21/2008,Bolt,150000000,114053579,328015029
164,3/30/2012,Wrath of the Titans,150000000,83670083,305270083
165,11/16/2007,Beowulf,150000000,82195215,194995215
166,5/11/2012,Dark Shadows,150000000,79727149,238202668
167,6/28/2013,White House Down,150000000,73103784,205440387
168,2/12/2010,The Wolfman,150000000,62189884,142634358
169,2/17/2017,The Great Wall,150000000,45157105,334550106
170,10/9/2015,Pan,150000000,35088320,151550856
171,3/11/2011,Mars Needs Moms,150000000,21392758,39549758
172,11/3/2006,Flushed Away,149000000,64665672,179357126
173,6/8/2012,Madagascar 3: Europe's Most Wanted,145000000,216391482,746921271
174,12/16/2011,Mission: Impossible—Ghost Protocol,145000000,209397903,694713230
175,6/13/2014,How to Train Your Dragon 2,145000000,177002924,614586270
176,6/16/1999,Tarzan,145000000,171091819,448191819
177,3/7/2014,Mr. Peabody & Sherman,145000000,111506430,269806430
178,11/21/2012,Rise of the Guardians,145000000,103412758,306900902
179,4/8/2005,Sahara,145000000,68671925,121671925
180,7/15/2016,Ghostbusters,144000000,128350574,229034050
181,11/22/2002,Die Another Day,142000000,160942139,431942139
182,7/9/2003,Pirates of the Caribbean: The Curse of the Black Pearl,140000000,305411224,634954103
183,5/8/2009,Star Trek,140000000,257730019,385680446
184,7/1/1998,Armageddon,140000000,201578182,554600000
185,7/3/2002,Men in Black 2,140000000,190418803,441767803
186,7/22/2011,Captain America: The First Avenger,140000000,176654505,370569776
187,1/29/2016,Kung Fu Panda 3,140000000,143528619,518614383
188,7/10/1998,Lethal Weapon 4,140000000,130444603,285400000
189,3/27/2013,G.I. Joe: Retaliation,140000000,122523060,375740705
190,12/5/2003,The Last Samurai,140000000,111110575,456810575
191,12/21/2005,Fun With Dick And Jane,140000000,110550000,203018919
192,12/12/2014,Exodus: Gods and Kings,140000000,65014513,268314513
193,7/1/2016,The BFG,140000000,55483770,199905224
194,2/26/2016,Gods of Egypt,140000000,31153464,133553464
195,5/3/2002,Spider-Man,139000000,403706375,821706375
196,3/6/2009,Watchmen,138000000,107509799,184068357
197,7/29/2005,Stealth,138000000,32116746,76416746
198,6/13/2008,The Incredible Hulk,137500000,134806913,265573859
199,6/20/2003,Hulk,137000000,132177234,245075434
200,7/11/2001,Final Fantasy: The Spirits Within,137000000,32131830,85131830
201,11/16/2012,"The Twilight Saga: Breaking Dawn, Part 2",136200000,292324737,829724737
202,3/22/2013,The Croods,135000000,187168425,573068425
203,12/25/2015,The Revenant,135000000,183637894,532950503
204,11/19/1999,The World is Not Enough,135000000,126930660,361730660
205,3/4/2011,Rango,135000000,123257581,245504574
206,11/14/2003,Master and Commander: The Far Side of the World,135000000,93926386,212912137
207,7/17/2013,Turbo,135000000,83028130,286896578
208,6/3/2016,Teenage Mutant Ninja Turtles: Out of the Shadows,135000000,82051601,245623848
209,11/18/2011,Happy Feet Two,135000000,64006466,157956466
210,7/28/2006,Miami Vice,135000000,63478838,163818556
211,6/29/2005,War of the Worlds,132000000,234280354,606836535
212,11/26/2014,Penguins of Madagascar,132000000,83350911,367650911
213,11/22/2013,The Hunger Games: Catching Fire,130000000,424668047,864868047
214,6/4/2004,Harry Potter and the Prisoner of Azkaban,130000000,249538952,796688549
215,8/3/2007,The Bourne Ultimatum,130000000,227471070,442161562
216,6/6/2008,Kung Fu Panda,130000000,215434591,631910531
217,7/17/2015,Ant-Man,130000000,180202163,519338048
218,3/27/2015,Home,130000000,177397510,386069390
219,10/28/2011,Puss in Boots,130000000,149260504,554987477
220,11/5/2010,Megamind,130000000,148415853,321887208
221,7/18/2003,Bad Boys II,130000000,138540870,273271982
222,4/11/2014,Rio 2,130000000,131538435,492846291
223,7/23/2010,Salt,130000000,118311368,290650494
224,3/28/2014,Noah,130000000,101200044,352831065
225,12/21/2011,The Adventures of Tintin,130000000,77591831,373993951
226,5/31/2013,After Earth,130000000,60522097,251499665
227,11/26/2008,Australia,130000000,49554002,215080810
228,7/19/2013,R.I.P.D.,130000000,33618855,79076678
229,11/18/2011,"The Twilight Saga: Breaking Dawn, Part 1",127500000,281287133,689420051
230,5/19/2000,Dinosaur,127500000,137748063,356148063
231,3/3/2017,Logan,127000000,226277068,615577068
232,12/19/2014,Night at the Museum: Secret of the Tomb,127000000,113746621,356546621
233,7/15/2011,Harry Potter and the Deathly Hallows: Part II,125000000,381011219,1341511219
234,11/21/2014,The Hunger Games: Mockingjay - Part 1,125000000,337135885,766652288
235,11/16/2001,Harry Potter and the Sorcerer’s Stone,125000000,317575550,974755371
236,11/19/2010,Harry Potter and the Deathly Hallows: Part I,125000000,295983305,960283305
237,5/19/2006,The Da Vinci Code,125000000,217536138,767820459
238,5/2/2003,X2,125000000,214949694,406875536
239,4/29/2011,Fast Five,125000000,209837675,629969804
240,8/8/2014,Teenage Mutant Ninja Turtles,125000000,191204754,485004754
241,12/16/2011,Sherlock Holmes: A Game of Shadows,125000000,186848418,535663443
242,5/28/2004,The Day After Tomorrow,125000000,186740799,556319450
243,3/31/2017,The Boss Baby,125000000,175000291,492314592
244,4/1/2010,Clash of the Titans,125000000,163214888,493214888
245,11/4/2016,Trolls,125000000,153707064,344780046
246,5/19/1998,Godzilla,125000000,136314294,376000000
247,6/8/2012,Prometheus,125000000,126477084,402448265
248,8/10/2012,The Bourne Legacy,125000000,113203870,280355920
249,6/20/1997,Batman & Robin,125000000,107325195,238317814
250,8/3/2012,Total Recall,125000000,58877969,211856088
251,12/21/2016,Assassin’s Creed,125000000,54647948,240497948
252,1/13/2017,Monster Trucks,125000000,33370166,61681268
253,8/27/1999,The 13th Warrior,125000000,32698899,61698899
254,11/17/2000,How the Grinch Stole Christmas,123000000,260044825,345141403
255,5/24/2000,Mission: Impossible 2,120000000,215409889,549588516
256,6/30/2000,The Perfect Storm,120000000,182618434,328711434
257,7/29/2016,Jason Bourne,120000000,162192920,416197059
258,6/15/2007,Fantastic Four: Rise of the Silver Surfer,120000000,131921738,289480691
259,11/21/2012,Life of Pi,120000000,124987022,607987022
260,2/16/2007,Ghost Rider,120000000,115802596,229545589
261,6/27/2003,Charlie's Angels: Full Throttle,120000000,100814328,227200000
262,8/9/2013,Elysium,120000000,93050117,286192091
263,4/19/2013,Oblivion,120000000,89107235,287916633
264,3/24/2017,Power Rangers,120000000,85364450,140845191
265,7/19/2002,Stuart Little 2,120000000,64956806,166000000
266,2/12/2014,RoboCop,120000000,58607007,242981799
267,6/11/2004,The Chronicles of Riddick,120000000,57712751,107212751
268,8/7/2015,Fantastic Four,120000000,56117548,167977596
269,5/9/2008,Speed Racer,120000000,43945766,93394462
270,7/22/2005,The Island,120000000,35818913,163018913
271,12/17/2010,How Do You Know?,120000000,30212620,49628177
272,6/23/2010,Knight and Day,117000000,76423035,258751370
273,5/19/1999,Star Wars Ep. I: The Phantom Menace,115000000,474544677,1027044677
274,5/19/2005,Star Wars Ep. III: Revenge of the Sith,115000000,380270577,848998877
275,5/16/2002,Star Wars Ep. II: Attack of the Clones,115000000,310676740,656695615
276,11/2/2001,"Monsters, Inc.",115000000,289423425,559757719
277,7/26/2013,The Wolverine,115000000,132556852,416456852
278,2/7/1997,Dante's Peak,115000000,67163857,178200000
279,4/22/2016,The Huntsman: Winter’s War,115000000,48003015,165149302
280,6/14/2002,Windtalkers,115000000,40914068,77628265
281,7/4/2008,Astérix aux Jeux Olympiques,113500000,999811,132999811
282,12/25/2010,Gulliver's Travels,112000000,42779261,232017848
283,10/4/2013,Gravity,110000000,274092705,695941797
284,12/22/2006,Night at the Museum,110000000,250863268,579446407
285,6/10/2005,Mr. and Mrs. Smith,110000000,186336279,486124090
286,5/29/2015,San Andreas,110000000,155190832,467151160
287,7/29/2011,The Smurfs,110000000,142614158,563749323
288,6/27/2007,Live Free or Die Hard,110000000,134529403,382288147
289,3/20/2015,The Divergent Series: Insurgent,110000000,130179072,295279072
290,12/10/2004,Ocean's Twelve,110000000,125531634,362989076
291,12/19/1997,Tomorrow Never Dies,110000000,125304276,339504276
292,6/28/2000,The Patriot,110000000,113330342,215300000
293,3/7/2014,300: Rise of an Empire,110000000,106580051,330780051
294,12/17/2004,The Aviator,110000000,102608827,208370892
295,12/21/2016,Passengers,110000000,100014092,302211243
296,1/14/2011,The Green Hornet,110000000,98780042,229155503
297,9/30/2016,Miss Peregrine’s Home for Peculiar Children,110000000,87242834,296642834
298,10/7/2011,Real Steel,110000000,85463309,263880341
299,6/11/2010,The A-Team,110000000,77222099,177241171
300,7/31/2013,The Smurfs 2,110000000,71017784,348547523
301,3/18/2016,The Divergent Series: Allegiant,110000000,66184051,171484051
302,6/12/2009,The Taking of Pelham 123,110000000,65452312,152364370
303,11/1/2013,Ender's Game,110000000,61737191,127983283
304,4/2/2004,Home on the Range,110000000,50026353,76482461
305,6/13/1997,Speed 2: Cruise Control,110000000,48097081,150468000
306,5/6/2005,Kingdom of Heaven,110000000,47398413,218853353
307,3/31/2017,Ghost in the Shell,110000000,40563557,167918847
308,6/16/2004,Around the World in 80 Days,110000000,24004159,72004159
309,12/19/2001,The Lord of the Rings: The Fellowship of the Ring,109000000,315544750,887210985
310,11/21/2003,The Cat in the Hat,109000000,101018283,133818283
311,12/25/2001,Ali,109000000,58183966,87683966
312,10/2/2015,The Martian,108000000,228433663,663851905
313,7/16/2004,"I, Robot",105000000,144801023,348629585
314,12/17/1999,Stuart Little,105000000,140015224,298815224
315,11/25/2009,The Princess and the Frog,105000000,104400899,270997378
316,3/7/2008,"10,000 B.C.",105000000,94784201,269065678
317,7/22/2016,Ice Age: Collision Course,105000000,64063008,403841637
318,4/27/2001,Town & Country,105000000,6712451,10364769
319,9/22/2017,Kingsman: The Golden Circle,104000000,95220857,345366013
320,6/9/2000,Gone in 60 Seconds,103300000,101643008,232643008
321,5/5/2000,Gladiator,103000000,187683805,457683805
322,5/23/2013,The Hangover 3,103000000,112200072,362000072
323,3/9/2018,A Wrinkle in Time,103000000,0,0
324,7/1/2009,Public Enemies,102500000,97104620,212282709
325,11/17/2006,Casino Royale,102000000,167365000,594420283
326,6/21/2002,Minority Report,102000000,132024714,358824714
327,10/26/2012,Cloud Atlas,102000000,27108272,130673154
328,11/15/2002,Harry Potter and the Chamber of Secrets,100000000,261987880,878979634
329,7/2/1991,Terminator 2: Judgment Day,100000000,203464105,515419827
330,6/16/1995,Batman Forever,100000000,184031112,336529144
331,7/27/2001,Planet of the Apes,100000000,180011740,362211740
332,11/19/2004,National Treasure,100000000,173005002,331323410
333,12/25/2012,Django Unchained,100000000,162805434,449948323
334,12/22/2010,Little Fockers,100000000,148438600,310650574
335,7/15/1994,True Lies,100000000,146282411,365300000
336,11/2/2007,American Gangster,100000000,130164645,267985456
337,9/18/2009,Cloudy with a Chance of Meatballs,100000000,124870275,236827677
338,8/6/2010,The Other Guys,100000000,119219978,170936470
339,12/17/2004,Lemony Snicket's A Series of Unfortunate Events,100000000,118627117,212956024
340,12/25/2013,The Wolf of Wall Street,100000000,116900694,389870414
341,5/24/2013,Epic,100000000,107518682,262794441
342,6/21/1996,Eraser,100000000,101295562,234400000
343,6/21/1996,The Hunchback of Notre Dame,100000000,100138851,325500000
344,12/15/2000,The Emperor's New Groove,100000000,89296573,169296573
345,8/17/2012,The Expendables 2,100000000,85028192,311979256
346,10/16/2009,Where the Wild Things Are,100000000,77233467,99123656
347,12/15/2006,Eragon,100000000,75030163,249488115
348,7/25/2014,Hercules,100000000,72688614,243388614
349,12/10/2010,The Tourist,100000000,67631157,278731369
350,11/24/1999,End of Days,100000000,66889043,212026975
351,6/11/2004,The Stepford Wives,100000000,59475623,96221971
352,6/8/2007,Surf's Up,100000000,58867694,145395745
353,12/8/2006,Blood Diamond,100000000,57377916,171377916
354,9/24/2010,Legend of the Guardians: The Owls of Ga'Hoole,100000000,55675313,139716717
355,11/7/1997,Starship Troopers,100000000,54768952,121100000
356,6/5/2009,Land of the Lost,100000000,49438370,69548641
357,12/25/2003,Peter Pan,100000000,48417850,95255485
358,7/23/2004,Catwoman,100000000,40202379,82145379
359,8/15/2014,The Expendables 3,100000000,39322544,209461378
360,11/27/2002,Treasure Planet,100000000,38120554,91800000
361,3/12/2010,Green Zone,100000000,35497337,97523020
362,12/25/2015,Point Break,100000000,28782481,128131571
363,12/11/2015,In the Heart of the Sea,100000000,25020758,90420758
364,4/18/2014,Transcendence,100000000,23022309,103039258
365,2/18/2005,Son of the Mask,100000000,17018422,59918422
366,10/20/2017,Geostorm,100000000,16287305,65871289
367,8/16/2002,The Adventures of Pluto Nash,100000000,4411102,7094995
368,1/20/2012,Jin líng shí san chai,100000000,311434,98227017
369,3/15/2019,Amusement Park,100000000,0,0
370,11/6/2015,The Peanuts Movie,99000000,130178411,250474038
371,5/4/2001,The Mummy Returns,98000000,202007640,435040395
372,12/20/2002,Gangs of New York,97000000,77730500,183124621
373,5/19/2017,Alien: Covenant,97000000,74262031,238862031
374,3/13/2015,Cinderella,95000000,201151353,534551353
375,7/13/2012,Ice Age: Continental Drift,95000000,161321843,879765137
376,12/28/2001,Black Hawk Down,95000000,108638745,159691085
377,5/27/2010,Sex and the City 2,95000000,95347692,294680778
378,2/12/2010,Percy Jackson & the Olympians: The Lightning Thief,95000000,88768303,223050874
379,8/10/2012,The Campaign,95000000,86907746,104907746
380,11/12/2010,Unstoppable,95000000,81562942,169511609
381,5/9/1997,The Fifth Element,95000000,63570862,263898761
382,3/31/2000,The Road to El Dorado,95000000,50802661,65700000
383,12/11/2009,The Lovely Bones,95000000,44114232,94894448
384,8/19/2016,Ben-Hur,95000000,26410477,88725100
385,2/6/2015,Seventh Son,95000000,17223265,110623265
386,5/30/2003,Finding Nemo,94000000,380529370,936429370
387,12/17/2003,The Lord of the Rings: The Return of the King,94000000,377845905,1141403341
388,12/18/2002,The Lord of the Rings: The Two Towers,94000000,342548984,934699645
389,6/15/2001,Lara Croft: Tomb Raider,94000000,131144183,273330185
390,2/13/2015,Kingsman: The Secret Service,94000000,128261724,404561724
391,7/18/2001,Jurassic Park III,93000000,181166115,365900000
392,8/5/2011,Rise of the Planet of the Apes,93000000,176760185,482860185
393,2/14/2008,The Spiderwick Chronicles,92500000,71195053,162839667
394,11/5/2004,The Incredibles,92000000,261441092,614726752
395,2/14/2013,A Good Day to Die Hard,92000000,67349198,304249198
396,4/9/2004,The Alamo,92000000,22406362,23911362
397,12/22/1995,Cutthroat Island,92000000,10017322,18517322
398,12/25/2013,The Secret Life of Walter Mitty,91000000,58236838,188536838
399,7/1/1997,Men in Black,90000000,250690539,587790539
400,11/19/1999,Toy Story 2,90000000,245852179,511358276
401,8/3/2001,Rush Hour 2,90000000,226164286,347425832
402,12/25/2009,Sherlock Holmes,90000000,209028679,498438212
403,7/1/2009,Ice Age: Dawn of the Dinosaurs,90000000,196573705,859701857
404,7/21/2000,What Lies Beneath,90000000,155464351,288693989
405,4/15/2011,Rio,90000000,143619809,487519809
406,10/6/2006,The Departed,90000000,132384315,289660619
407,11/3/2000,Charlie's Angels,90000000,125305545,259736090
408,6/19/1998,Mulan,90000000,120620254,303500000
409,8/13/2008,Tropic Thunder,90000000,110461307,191091250
410,12/20/2011,The Girl with the Dragon Tattoo,90000000,102515793,239373970
411,7/11/1997,Contact,90000000,100920329,165900000
412,6/6/2008,You Don't Mess With the Zohan,90000000,100018837,202910991
413,5/19/1995,Die Hard: With a Vengeance,90000000,100012499,366101666
414,9/23/2016,The Magnificent Seven,90000000,93427848,159762983
415,12/18/2015,Alvin and the Chipmunks: The Road Chip,90000000,85886987,249520430
416,6/8/2001,Atlantis: The Lost Empire,90000000,84052762,186049020
417,12/25/2008,Valkyrie,90000000,83077762,203902107
418,7/24/2015,Pixels,90000000,78747585,244126300
419,6/29/2001,Artificial Intelligence: AI,90000000,78616689,235900000
420,11/26/2003,The Haunted Mansion,90000000,75817994,155750628
421,8/4/2000,Hollow Man,90000000,73209340,191200000
422,4/22/2005,The Interpreter,90000000,72708161,162753837
423,8/7/2013,Percy Jackson: Sea of Monsters,90000000,68559554,200859554
424,7/25/2003,Lara Croft: Tomb Raider: The Cradle of Life,90000000,65653758,157092943
425,6/10/2016,Now You See Me 2,90000000,65075540,328675540
426,11/21/2001,Spy Game,90000000,62362560,143049560
427,4/4/1997,The Saint,90000000,61363304,169400000
428,3/10/2000,Mission to Mars,90000000,60874615,106000000
429,12/17/1999,Bicentennial Man,90000000,58220776,87420776
430,7/7/2004,King Arthur,90000000,51877963,203877963
431,4/25/1997,Volcano,90000000,47546796,120100000
432,3/26/1997,The Devil's Own,90000000,42885593,140900000
433,7/19/2002,K-19: The Widowmaker,90000000,35168966,65716126
434,8/19/2011,Conan the Barbarian,90000000,21295021,63356133
435,10/21/2011,The Three Musketeers,90000000,20377913,139877913
436,4/21/2017,The Promise,90000000,8224288,10524093
437,11/24/2010,The Nutcracker in 3D,90000000,195459,20466016
438,5/10/1996,Twister,88000000,241688385,495700000
439,6/3/2005,Cinderella Man,88000000,61649911,105021488
440,7/8/2005,Fantastic Four,87500000,154696080,333132750
441,2/9/2001,Hannibal,87000000,165092266,350100280
442,7/25/2003,Seabiscuit,86000000,120277854,148715342
443,12/22/2000,Cast Away,85000000,233632142,427230516
444,11/17/2006,Happy Feet,85000000,198000317,385000317
445,12/7/2001,Ocean's Eleven,85000000,183417150,450728529
446,7/23/2004,The Bourne Supremacy,85000000,176087450,288587450
447,7/25/1997,Air Force One,85000000,172956409,315268353
448,4/3/2009,Fast & Furious,85000000,155064265,363064265
449,3/14/2008,Horton Hears a Who,85000000,154529439,299477886
450,3/21/2014,Divergent,85000000,150947895,276014965
451,9/28/2012,Hotel Transylvania,85000000,148313048,378505812
452,11/21/2007,Enchanted,85000000,127706877,340384141
453,2/10/2012,Safe House,85000000,126181630,208542162
454,7/20/2007,I Now Pronounce You Chuck and Larry,85000000,119725280,185708462
455,6/8/2007,Ocean's Thirteen,85000000,117144465,311744465
456,12/25/2009,It’s Complicated,85000000,112735375,224614744
457,11/20/1998,Enemy of the State,85000000,111549836,250649836
458,9/29/2006,Open Season,85000000,85105259,191932158
459,11/4/2011,Tower Heist,85000000,78046570,150422946
460,11/22/2000,102 Dalmatians,85000000,66941559,66941559
461,3/30/2012,Mirror Mirror,85000000,64935167,173613482
462,12/8/2006,The Holiday,85000000,63280000,205190324
463,6/16/2006,The Fast and the Furious: Tokyo Drift,85000000,62615510,157794205
464,12/9/2005,Memoirs of a Geisha,85000000,57010853,161510853
465,3/16/2001,Enemy at the Gates,85000000,51396781,96971293
466,6/18/1993,Last Action Hero,85000000,50016394,137298489
467,9/26/2003,The Rundown,85000000,47641743,80831893
468,11/23/2011,Arthur Christmas,85000000,46462469,149717124
469,1/20/2017,xXx: Return of Xander Cage,85000000,44898413,345114933
470,11/13/1998,Meet Joe Black,85000000,44650003,44650003
471,7/30/2010,Cats & Dogs: The Revenge of Kitty Galore,85000000,43585753,113026383
472,2/8/2002,Collateral Damage,85000000,40048332,78353508
473,3/15/2002,Showtime,85000000,37948765,78948765
474,6/30/1995,Judge Dredd,85000000,34687912,113487912
475,3/2/2007,Zodiac,85000000,33080084,83080084
476,8/13/2010,Scott Pilgrim vs. The World,85000000,31611316,48056764
477,3/28/2003,The Core,85000000,31111260,74132631
478,5/9/1997,Father's Day,85000000,28681080,35681080
479,6/14/2002,Scooby-Doo,84000000,153294164,276294164
480,7/28/2000,Nutty Professor II: The Klumps,84000000,123307945,166307945
481,7/19/2013,RED 2,84000000,53262560,137162560
482,6/23/2006,Click,82500000,137355633,237685089
483,12/15/2006,Charlotte's Web,82500000,82985708,143985708
484,2/14/2008,Jumper,82500000,80172128,222640812
485,7/11/2008,Hellboy II: The Golden Army,82500000,75986503,160388063
486,5/27/2005,The Longest Yard,82000000,158119460,190320568
487,8/13/2010,The Expendables,82000000,103068524,268268174
488,11/17/2000,The 6th Day,82000000,34543701,96024898
489,5/23/2003,Bruce Almighty,81000000,242704995,484468608
490,3/23/2012,The Hunger Games,80000000,408010692,677923379
491,5/26/2011,The Hangover Part II,80000000,254464305,586464305
492,5/21/1996,Mission: Impossible,80000000,180981886,457697994
493,2/10/2017,The Lego Batman Movie,80000000,175750384,310940997
494,9/25/2015,Hotel Transylvania 2,80000000,169700110,470751398
495,6/18/1992,Batman Returns,80000000,162833635,266824291
496,5/7/1999,The Mummy,80000000,155385488,416385488
497,5/19/2006,Over the Hedge,80000000,155019340,343397247
498,6/21/2002,Lilo & Stitch,80000000,145771527,245800000
499,5/8/1998,Deep Impact,80000000,140464664,349464664
500,7/12/2013,Grown Ups 2,80000000,133668525,247023808
501,12/16/2011,Alvin and the Chipmunks: Chipwrecked,80000000,133107389,349088523
502,6/20/2008,Get Smart,80000000,130319208,226739416
503,3/11/2005,Robots,80000000,128200012,260700012
504,2/19/2010,Shutter Island,80000000,128012934,299461782
505,12/12/2003,Something's Gotta Give,80000000,124685242,266685242
506,11/26/2008,Four Christmases,80000000,120146040,168311558
507,6/27/1997,Face/Off,80000000,112276146,241200000
508,12/25/2008,Bedtime Stories,80000000,110101975,221468935
509,7/12/2002,Road to Perdition,80000000,104054514,183354514
510,2/11/2011,Just Go With It,80000000,103028109,214974953
511,2/14/2003,Daredevil,80000000,102543518,182782518
512,9/26/2008,Eagle Eye,80000000,101440743,178066569
513,6/6/1997,Con Air,80000000,101117573,224117573
514,12/17/2010,Yogi Bear,80000000,100246011,204774690
515,12/25/2003,Cold Mountain,80000000,95632614,165173909
516,1/15/2010,The Book of Eli,80000000,94835059,158750817
517,11/26/1997,Flubber,80000000,92993801,177993801
518,7/23/1999,The Haunting,80000000,91188905,180188905
519,11/15/1996,Space Jam,80000000,90463534,250200000
520,10/17/2014,Fury,80000000,85755593,210253368
521,2/10/2006,The Pink Panther,80000000,82226474,158926474
522,7/8/2011,Zookeeper,80000000,80360866,170805525
523,12/12/2008,The Day the Earth Stood Still,80000000,79366978,233066978
524,8/8/1997,Conspiracy Theory,80000000,76118990,142783718
525,6/12/1998,"Six Days, Seven Nights",80000000,74339294,164800000
526,5/24/2002,Spirit: Stallion of the Cimarron,80000000,73215310,106515310
527,6/8/2001,Swordfish,80000000,69772969,147080413
528,4/3/1998,Lost In Space,80000000,69117629,136047317
529,7/30/2004,The Manchurian Candidate,80000000,65948711,96148711
530,11/22/2006,Déjà Vu,80000000,64038616,181038616
531,6/24/2005,Bewitched,80000000,63313159,131159306
532,1/1/2000,Fantasia 2000 (IMAX),80000000,60507228,60507228
533,3/8/2002,The Time Machine,80000000,56684819,98983590
534,10/2/1998,What Dreams May Come,80000000,55485043,71485043
535,12/25/1998,Mighty Joe Young,80000000,50632037,50632037
536,10/28/2005,The Legend of Zorro,80000000,45575336,141475336
537,11/10/2000,Little Nicky,80000000,39442871,58270391
538,9/25/2009,Surrogates,80000000,38577772,119668350
539,6/8/2001,Evolution,80000000,38311134,98341932
540,8/26/2005,The Brothers Grimm,80000000,37899638,105299638
541,12/13/1996,Mars Attacks!,80000000,37771017,101371017
542,4/14/2006,The Wild,80000000,37384046,99010667
543,12/20/2013,Walking with Dinosaurs,80000000,36076121,130580730
544,12/22/2000,Thirteen Days,80000000,34566746,66554547
545,12/6/1996,Daylight,80000000,32908290,158908290
546,10/23/2015,The Last Witch Hunter,80000000,27367660,131234406
547,2/21/2014,Pompeii,80000000,23169033,108469033
548,5/12/2000,Battlefield Earth: A Saga of the Year 3000,80000000,21471685,29725663
549,11/14/2003,Looney Tunes: Back in Action,80000000,20950820,54540662
550,12/18/2009,Nine,80000000,19676965,53508858
551,11/26/2003,Timeline,80000000,19480739,26703184
552,4/22/2010,Oceans,80000000,19422319,86787530
553,11/25/1998,Babe: Pig in the City,80000000,18319860,69131860
554,12/25/1997,The Postman,80000000,17650704,20841123
555,11/10/2000,Red Planet,80000000,17480890,33463969
556,1/12/2007,Arthur et les Minimoys,80000000,15132763,113325743
557,8/17/2007,The Invasion,80000000,15074191,40147042
558,6/16/2000,Fantasia 2000 (Theatrical Release),80000000,9103630,9103630
559,9/2/2005,A Sound of Thunder,80000000,1900451,6300451
560,9/29/2017,"Don Gato, el inicio de la pandilla",80000000,0,4582848
561,6/15/1994,The Lion King,79300000,422780140,987480140
562,2/10/2012,Journey 2: The Mysterious Island,79000000,103860290,318146162
563,11/11/2011,Jack and Jill,79000000,74158157,150519217
564,12/21/2001,A Beautiful Mind,78000000,170708996,317668058
565,9/27/2013,Cloudy with a Chance of Meatballs 2,78000000,119793567,274392649
566,10/4/2002,Red Dragon,78000000,92955420,206455420
567,3/5/2004,Hidalgo,78000000,67286731,108086731
568,7/11/2003,The League of Extraordinary Gentlemen,78000000,66465204,179265204
569,8/20/2004,Exorcist: The Beginning,78000000,41814863,43957541
570,12/31/2012,Astérix et Obélix: Au service de Sa Majesté,77600000,0,60680125
571,2/12/2016,The Little Prince,77500000,1311213,103529508
572,7/3/2013,Despicable Me 2,76000000,368065385,975216835
573,6/6/2003,2 Fast 2 Furious,76000000,127120058,236410607
574,12/25/2006,Children of Men,76000000,35552383,69845011
575,6/30/2000,The Adventures of Rocky & Bullwinkle,76000000,26000610,35129610
576,7/8/2016,The Secret Life of Pets,75000000,368384330,875958307
577,7/2/1996,Independence Day,75000000,306169255,817400878
578,12/21/2016,Sing,75000000,270329045,634330493
579,6/30/2017,Despicable Me 3,75000000,263294275,1028623182
580,5/22/1997,The Lost World: Jurassic Park,75000000,229086679,618638999
581,3/31/2006,Ice Age: The Meltdown,75000000,195330621,651899282
582,5/27/2005,Madagascar,75000000,193595521,556559566
583,6/25/2010,Grown Ups,75000000,162001186,272223430
584,10/1/2004,Shark Tale,75000000,161412000,371917043
585,7/14/2000,X-Men,75000000,157299717,296872367
586,6/27/2008,Wanted,75000000,134508551,342416460
587,6/7/1996,The Rock,75000000,134069511,336069511
588,2/13/2004,50 First Dates,75000000,120776832,196320329
589,7/20/2007,Hairspray,75000000,118871849,203035572
590,5/31/2013,Now You See Me,75000000,117723989,342769200
591,12/15/2006,Dreamgirls,75000000,103365956,155708695
592,7/23/1999,Inspector Gadget,75000000,97387965,97387965
593,11/11/2011,Immortals,75000000,83504017,211562435
594,6/18/2004,The Terminal,75000000,77073959,218673959
595,2/18/2005,Constantine,75000000,75976178,221594911
596,7/21/2006,Monster House,75000000,73661010,141267370
597,12/8/2000,Vertical Limit,75000000,68473360,213500000
598,12/21/2007,Charlie Wilson's War,75000000,66661095,119512771
599,4/16/1999,Life,75000000,64062587,73521587
600,3/4/2005,Be Cool,75000000,55849401,94944017
601,12/23/2005,Munich,75000000,47379090,131492772
602,6/4/2010,Killers,75000000,47059963,95572749
603,8/14/2015,The Man From U.N.C.L.E.,75000000,45445109,105445109
604,3/7/2003,Tears of the Sun,75000000,43632458,85632458
605,7/21/2006,Lady in the Water,75000000,42285169,72785169
606,12/17/2004,Spanglish,75000000,42044321,54344321
607,10/12/2001,Bandits,75000000,41523271,71523271
608,12/17/1999,Anna and the King,75000000,39251128,39251128
609,7/7/1995,First Knight,75000000,37361412,127361412
610,3/25/2011,Sucker Punch,75000000,36392502,89758389
611,3/11/2005,Hostage,75000000,34636443,77636443
612,10/28/2016,Inferno,75000000,34355263,219572877
613,6/13/2003,Hollywood Homicide,75000000,30207785,50409753
614,6/16/2000,Titan A.E.,75000000,22751979,36751979
615,12/17/2004,Flight of the Phoenix,75000000,21009180,34009180
616,10/23/1998,Soldier,75000000,14623082,14623082
617,1/15/1999,Virus,75000000,14010690,30626690
618,2/23/2001,Monkeybone,75000000,5409517,5409517
619,7/10/2015,Minions,74000000,336045770,1167245366
620,2/6/2015,The SpongeBob Movie: Sponge Out of Water,74000000,162994032,311594032
621,11/22/2000,Unbreakable,73243106,94999143,248099143
622,8/4/2006,Talladega Nights: The Ballad of Ricky Bobby,73000000,148213377,162870525
623,5/20/2016,The Angry Birds Movie,73000000,107509366,352829528
624,8/7/1998,Snake Eyes,73000000,55591409,103891409
625,2/13/1998,Sphere,73000000,37068294,50168294
626,7/27/2007,The Simpsons Movie,72500000,183135014,527071022
627,2/8/2008,Fool's Gold,72500000,70231041,109362966
628,7/31/2009,Funny People,72500000,51855045,71880305
629,9/28/2007,The Kingdom,72500000,47467250,86509602
630,6/22/2001,Doctor Dolittle 2,72000000,112950721,176101721
631,5/24/1995,Braveheart,72000000,75545647,209045522
632,11/4/2005,Jarhead,72000000,62647540,96947540
633,4/27/2001,Driven,72000000,32616869,54616869
634,12/21/2001,The Majestic,72000000,27796042,37306334
635,6/25/2004,Two Brothers,72000000,19176754,62176754
636,7/30/2004,The Village,71682975,114197520,257641634
637,6/26/1998,Doctor Dolittle,71500000,144156605,294156605
638,8/2/2002,Signs,70702619,227969295,408269295
639,5/19/2004,Shrek 2,70000000,441226247,937008132
640,6/9/2006,Cars,70000000,244082982,461651246
641,12/23/2009,Alvin and the Chipmunks: The Squeakquel,70000000,219614612,443483213
642,6/22/1988,Who Framed Roger Rabbit?,70000000,154112492,351500000
643,7/30/1999,Runaway Bride,70000000,152257509,310138178
644,8/9/2002,xXx,70000000,141930000,267200000
645,11/8/1996,Ransom,70000000,136492681,308700000
646,8/21/2009,Inglourious Basterds,70000000,120774594,316915264
647,12/11/1991,Hook,70000000,119654823,300854823
648,7/3/1990,Die Hard 2,70000000,117323878,239814025
649,8/8/2003,S.W.A.T.,70000000,116877597,207154748
650,11/19/1999,Sleepy Hollow,70000000,101068340,207068340
651,12/14/2001,Vanilla Sky,70000000,100614858,202726605
652,6/13/1997,Hercules,70000000,99112101,250700000
653,3/22/2013,Olympus Has Fallen,70000000,98927592,150562164
654,3/11/2011,Battle: Los Angeles,70000000,83552429,213463976
655,8/13/2004,AVP: Alien Vs. Predator,70000000,80281096,172543519
656,12/25/2011,War Horse,70000000,79883359,156815529
657,3/1/2002,We Were Soldiers,70000000,78120196,114658262
658,2/7/2014,The Monuments Men,70000000,78031620,158702748
659,9/23/2016,Storks,70000000,72679278,174102281
660,12/11/1998,Star Trek: Insurrection,70000000,70187658,117800000
661,12/10/2003,Big Fish,70000000,66432867,123954323
662,6/17/1994,Wolf,70000000,65011757,131011757
663,1/20/2012,Underworld: Awakening,70000000,62321039,160379930
664,10/10/2014,Dracula Untold,70000000,55991880,220241723
665,9/29/2006,The Guardian,70000000,55011732,94973540
666,8/9/1989,The Abyss,70000000,54243125,54243125
667,9/24/2010,Wall Street 2: Money Never Sleeps,70000000,52474616,137431619
668,1/14/2011,The Dilemma,70000000,48475290,70546865
669,12/25/2005,Rumor Has It,70000000,42996140,88933562
670,11/6/1998,The Siege,70000000,40934175,116625798
671,8/10/2007,Stardust,70000000,38634938,137022245
672,6/15/2012,Rock of Ages,70000000,38518613,61031932
673,10/8/1997,Seven Years in Tibet,70000000,37945884,131445884
674,9/17/2004,Sky Captain and the World of Tomorrow,70000000,37760080,49730854
675,11/1/2002,I Spy,70000000,33561137,60279822
676,6/7/2002,Bad Company,70000000,30157016,69157016
677,10/21/2005,Doom,70000000,28212337,54612337
678,1/29/2016,The Finest Hours,70000000,27569558,49252761
679,10/18/2013,Escape Plan,70000000,25135965,103735965
680,9/23/2011,Killer Elite,70000000,25124986,65409046
681,1/16/1998,Hard Rain,70000000,19870567,19870567
682,2/15/2002,Hart's War,70000000,19076815,33076815
683,2/8/2002,Rollerball,70000000,18990542,25852508
684,1/10/2014,The Legend of Hercules,70000000,18848538,58953319
685,9/20/2002,Ballistic: Ecks vs. Sever,70000000,14294842,14294842
686,8/10/2001,Osmosis Jones,70000000,13596911,13596911
687,5/9/2014,Legends of Oz: Dorothy’s Return,70000000,8462347,20107933
688,1/16/2015,Blackhat,70000000,7889395,19548419
689,3/31/2006,Basic Instinct 2,70000000,5946136,35417162
690,5/28/2010,Agora,70000000,619423,38992292
691,7/9/2010,Despicable Me,69000000,251513985,543495033
692,7/30/2010,Dinner for Schmucks,69000000,73026337,86796502
693,6/30/2010,The Twilight Saga: Eclipse,68000000,300531751,706102828
694,5/31/2002,The Sum of All Fears,68000000,118471320,193500000
695,6/26/2015,Ted 2,68000000,81284830,217022588
696,7/13/2001,The Score,68000000,71069884,113542091
697,2/25/2011,Hall Pass,68000000,45060734,87173475
698,11/22/1995,Money Train,68000000,35324232,77224232
699,3/21/2003,Dreamcatcher,68000000,33685268,75685268
700,8/6/1999,Mystery Men,68000000,29762011,33462011
701,11/5/1999,The Insider,68000000,28965197,60265197
702,3/2/2012,Doctor Seuss' The Lorax,67500000,214030500,350976753
703,10/10/2008,Body of Lies,67500000,39394666,118556530
704,6/22/2012,Abraham Lincoln: Vampire Hunter,67500000,37519139,137489730
705,9/20/1996,Last Man Standing,67000000,18115927,18115927
706,8/17/2007,The Last Legion,67000000,5932060,25357771
707,4/30/1999,Entrapment,66000000,87707396,211700000
708,6/19/1998,The X Files: Fight the Future,66000000,83898313,189176423
709,3/14/2014,Need for Speed,66000000,43568507,194169619
710,7/24/1998,Saving Private Ryan,65000000,216335085,485035085
711,12/15/2000,What Women Want,65000000,182805123,374105123
712,11/9/2012,Lincoln,65000000,182207973,273346281
713,3/15/2002,Ice Age,65000000,176387405,386116343
714,6/30/1995,Apollo 13,65000000,172070496,334100000
715,3/31/1999,The Matrix,65000000,171479930,463517383
716,12/25/2012,Les Miserables,65000000,148809770,442169052
717,11/1/2002,The Santa Clause 2,65000000,139225854,172825854
718,6/1/1990,Total Recall,65000000,119394839,261400000
719,12/18/1998,You've Got Mail,65000000,115821495,250800000
720,12/25/2014,Unbroken,65000000,115637895,163527824
721,6/5/2015,Spy!,65000000,110825712,233125712
722,11/5/2010,Due Date,65000000,100539043,211739043
723,7/25/2008,Step Brothers,65000000,100468793,128468793
724,12/15/1995,Jumanji,65000000,100458310,262758310
725,7/17/1998,The Mask of Zorro,65000000,93828745,233700000
726,8/4/2000,Space Cowboys,65000000,90454043,128874043
727,12/19/2014,Annie,65000000,85911262,139840525
728,5/28/1993,Cliffhanger,65000000,84049211,255000000
729,8/12/2016,Pete’s Dragon,65000000,76233151,137768975
730,2/9/1996,Broken Arrow,65000000,70645997,148345997
731,8/9/2006,World Trade Center,65000000,70278893,163295654
732,7/7/2000,The Kid,65000000,69688384,69688384
733,12/19/2003,Mona Lisa Smile,65000000,63803100,141205169
734,5/16/2012,The Dictator,65000000,59650222,180148897
735,7/16/1999,Eyes Wide Shut,65000000,55691208,104267443
736,2/17/2012,This Means War,65000000,54760791,156974557
737,2/27/2015,Focus,65000000,53862963,154362963
738,12/8/2004,Blade: Trinity,65000000,52397389,131353165
739,11/21/2012,Red Dawn,65000000,44806783,48164150
740,12/22/2006,We Are Marshall,65000000,43545364,43545364
741,9/18/2015,Everest,65000000,43309450,221662676
742,9/14/2012,Resident Evil: Retribution,65000000,42345531,238940997
743,3/20/1998,Primary Colors,65000000,39017984,39017984
744,10/15/1999,Fight Club,65000000,37030102,100851705
745,8/22/2008,Death Race,65000000,36316032,72516819
746,10/11/1996,The Long Kiss Goodnight,65000000,33447612,33447612
747,12/8/2000,Proof of Life,65000000,32598931,62761005
748,11/11/2005,Zathura,65000000,28045540,58545540
749,11/26/2003,The Missing,65000000,26900336,38253433
750,1/14/2005,Elektra,65000000,24409722,56824633
751,10/23/2009,Astro Boy,65000000,19551067,41636243
752,1/24/2014,"I, Frankenstein",65000000,19075290,74575290
753,5/24/1991,Hudson Hawk,65000000,17218916,17218916
754,8/22/2014,Sin City: A Dame to Kill For,65000000,13757804,39499349
755,12/25/2016,Live by Night,65000000,10378555,21778555
756,10/27/2000,Lucky Numbers,65000000,10014234,10014234
757,9/23/2005,Oliver Twist,65000000,2070920,26670920
758,9/4/2015,Tian jiang xiong shi,65000000,74070,122519874
759,7/14/2006,Little Man,64000000,58636047,101636047
760,10/8/1999,Random Hearts,64000000,31054924,63200000
761,12/27/2006,Perfume: The Story of a Murderer,63700000,2223293,133603463
762,6/11/1993,Jurassic Park,63000000,395708305,1038812584
763,7/25/2002,Austin Powers in Goldmember,63000000,213117789,296338663
764,4/1/2011,Hop,63000000,108085305,188657593
765,6/24/1994,Wyatt Earp,63000000,25052000,25052000
766,8/3/1994,Clear and Present Danger,62000000,122012656,207500000
767,4/21/2000,U-571,62000000,77086030,127630030
768,11/17/1995,The American President,62000000,60022813,107822813
769,12/25/2015,The Hateful Eight,62000000,54117416,145443360
770,6/20/2008,The Love Guru,62000000,32200122,40123346
771,2/23/2001,3000 Miles to Graceland,62000000,15738632,18708848
772,10/3/2014,Gone Girl,61000000,167767189,368567189
773,3/30/2007,Blades of Glory,61000000,118594548,145594548
774,9/18/2015,Maze Runner: The Scorch Trials,61000000,81697192,310697192
775,8/2/2013,2 Guns,61000000,75612460,132493015
776,2/19/2016,Mei Ren Yu,60720000,3229457,552198479
777,12/22/2004,Meet the Fockers,60000000,279167575,516567575
778,2/7/2014,The Lego Movie,60000000,257784718,457729388
779,3/9/2007,300,60000000,210614939,454161935
780,3/2/2007,Wild Hogs,60000000,168213584,253555383
781,12/25/2008,Marley & Me,60000000,143153751,247812011
782,12/10/1999,The Green Mile,60000000,136801374,290701374
783,11/4/2005,Chicken Little,60000000,135386665,310043823
784,6/5/1998,The Truman Show,60000000,125618201,264118201
785,9/9/2016,Sully,60000000,125070033,238552082
786,6/14/2002,The Bourne Identity,60000000,121468960,214357371
787,10/9/2009,Couples Retreat,60000000,109205660,172450423
788,11/17/1995,Goldeneye,60000000,106429941,356429941
789,5/30/2003,The Italian Job,60000000,106126012,176262839
790,5/9/2003,Daddy Day Care,60000000,104148781,164285587
791,6/18/1999,The General's Daughter,60000000,102705852,149705852
792,12/18/1998,The Prince of Egypt,60000000,101413188,218613188
793,8/6/2004,Collateral,60000000,100170152,217670152
794,7/4/2001,Cats & Dogs,60000000,93375151,200700000
795,12/20/2002,Two Weeks Notice,60000000,93354918,199043309
796,10/2/1998,Antz,60000000,90757863,152457863
797,4/19/2002,The Scorpion King,60000000,90580000,165890634
798,10/15/2010,Red,60000000,90380162,196439693
799,3/5/2004,Starsky & Hutch,60000000,88200225,170200225
800,6/27/1990,Days of Thunder,60000000,82670733,157670733
801,12/21/2005,Cheaper by the Dozen 2,60000000,82571173,135015330
802,8/13/2010,Eat Pray Love,60000000,80574010,206598789
803,12/21/2012,Jack Reacher,60000000,80070736,217370736
804,4/23/2004,Man on Fire,60000000,77906816,130968579
805,12/22/2000,The Family Man,60000000,75764085,124715863
806,9/9/2011,Contagion,60000000,75658097,137551594
807,12/22/1999,Any Given Sunday,60000000,75530832,100230832
808,5/15/1998,The Horse Whisperer,60000000,75383563,186883563
809,2/6/2009,Coraline,60000000,75286229,126037057
810,10/1/2004,Ladder 49,60000000,74541707,102332848
811,7/28/1999,Deep Blue Sea,60000000,73648228,165048228
812,10/28/2009,Michael Jackson's This Is It,60000000,72091016,252091016
813,1/17/2003,Kangaroo Jack,60000000,66723216,90723216
814,6/13/2008,The Happening,60000000,64506874,162778384
815,3/4/2016,London Has Fallen,60000000,62524260,193857962
816,4/7/2000,Rules of Engagement,60000000,61322858,71719931
817,3/10/2006,The Shaggy Dog,60000000,61123569,87123569
818,11/22/1996,Jingle All the Way,60000000,60592389,129832389
819,4/2/2004,Hellboy,60000000,59623958,99823958
820,10/21/2016,Jack Reacher: Never Go Back,60000000,58697076,160038407
821,5/25/2017,Baywatch,60000000,58060186,176533570
822,12/25/1998,A Civil Action,60000000,56709981,56709981
823,12/25/2015,Joy,60000000,56451232,101134059
824,8/17/2012,ParaNorman,60000000,56003051,108119662
825,11/14/1997,The Jackal,60000000,54956941,159356941
826,12/25/2003,Paycheck,60000000,53789313,98819789
827,3/1/1996,Up Close & Personal,60000000,51045801,100645801
828,12/19/2008,The Tale of Despereaux,60000000,50877145,90482317
829,9/26/2014,The Boxtrolls,60000000,50837305,111946251
830,8/4/2017,The Dark Tower,60000000,50692621,111662091
831,9/27/2002,The Tuxedo,60000000,50586000,104429625
832,1/17/2014,Jack Ryan: Shadow Recruit,60000000,50577412,131377412
833,7/14/1995,Under Siege 2: Dark Territory,60000000,50024083,104324083
834,3/24/2005,Miss Congeniality 2: Armed and Fabulous,60000000,48478006,101382396
835,11/26/1997,Alien: Resurrection,60000000,47795018,160700000
836,3/23/2007,Shooter,60000000,47003582,95538560
837,10/16/1998,Practical Magic,60000000,46850558,68336997
838,1/11/2013,Gangster Squad,60000000,46000903,104100903
839,4/7/2017,Smurfs: The Lost Village,60000000,45011202,197258954
840,6/19/2009,Year One,60000000,43337279,57604723
841,1/29/2010,Edge of Darkness,60000000,43313890,82812456
842,12/13/2002,Star Trek: Nemesis,60000000,43254409,67312826
843,2/19/2002,Reign of Fire,60000000,43061982,82150183
844,11/20/2009,Planet 51,60000000,42194060,108996113
845,3/20/2009,Duplicity,60000000,40572825,81079566
846,9/12/2008,Righteous Kill,60000000,40081410,78481410
847,12/11/2009,Invictus,60000000,37491364,124514011
848,4/17/2009,State of Play,60000000,37017955,88832210
849,2/12/1999,My Favorite Martian,60000000,36850101,36850101
850,4/21/2006,The Sentinel,60000000,36280697,78080697
851,9/21/2012,Trouble with the Curve,60000000,35763137,47818913
852,10/10/2003,Intolerable Cruelty,60000000,35327628,121327628
853,1/10/1997,The Relic,60000000,33956608,33956608
854,4/3/1998,Mercury Rising,60000000,32983332,32983332
855,9/15/2000,Almost Famous,60000000,32522352,47371191
856,12/6/2002,Analyze That,60000000,32122249,54994757
857,4/24/2009,The Soloist,60000000,31720158,38389024
858,8/21/2013,The Mortal Instruments: City of Bones,60000000,31165421,75965567
859,11/3/2000,The Legend of Bagger Vance,60000000,30695227,39235486
860,2/22/2002,Dragonfly,60000000,30063805,30063805
861,5/13/2011,Priest,60000000,29136626,84154026
862,6/16/2006,Garfield: A Tail of Two Kitties,60000000,28426747,147985373
863,4/29/2005,XXX: State of the Union,60000000,26873932,71073932
864,8/15/1997,Event Horizon,60000000,26673242,26673242
865,7/2/2003,Sinbad: Legend of the Seven Seas,60000000,26483452,80767884
866,7/8/2005,Dark Water,60000000,25473093,49473093
867,8/14/1998,The Avengers,60000000,23385416,48585416
868,9/15/2006,The Black Dahlia,60000000,22672813,49238525
869,3/26/1999,EDtv,60000000,22508689,35319689
870,12/25/2008,The Spirit,60000000,19806188,39006188
871,10/19/2001,The Last Castle,60000000,18208078,20541668
872,1/23/2009,Inkheart,60000000,17303424,66655938
873,1/14/2000,Supernova,60000000,14218868,14816494
874,9/22/2006,Flyboys,60000000,13090630,14816379
875,2/14/2014,Winter's Tale,60000000,12600231,22468620
876,10/9/1998,Holy Man,60000000,12069719,12069719
877,7/11/2008,Meet Dave,60000000,11803254,50648806
878,8/12/2005,The Great Raid,60000000,10166502,10597070
879,2/24/2017,Rock Dog,60000000,9420546,20830546
880,1/23/2015,Mortdecai,60000000,7696134,30396134
881,1/11/2008,In the Name of the King: A Dungeon Siege Tale,60000000,4775656,13233220
882,10/24/2003,Beyond Borders,60000000,4426297,11427090
883,2/5/2016,Xi You Ji zhi Sun Wu Kong San Da Bai Gu Jing,60000000,709982,194058503
884,12/11/2015,The Ridiculous 6,60000000,0,0
885,2/12/2016,Deadpool,58000000,363070709,801029249
886,12/25/2014,American Sniper,58000000,350126372,547326372
887,10/16/2015,Goosebumps,58000000,80069458,158905324
888,5/25/1988,Rambo III,58000000,53715611,188715611
889,12/15/1995,Sabrina,58000000,53458319,87100000
890,1/20/2012,Red Tails,58000000,49876377,50365498
891,9/16/2005,Just Like Heaven,58000000,48318130,100687083
892,6/7/2013,The Internship,58000000,44672764,93672764
893,4/28/2000,The Flintstones in Viva Rock Vegas,58000000,35231365,59431365
894,4/4/2008,Leatherheads,58000000,31373938,41348628
895,3/24/2017,Life,58000000,30223972,100993260
896,12/18/2009,Did You Hear About the Morgans?,58000000,29580087,80480566
897,12/12/2008,"Che, El Ar the Argentine",58000000,293708,30118557
898,5/30/2008,Sex and the City,57500000,152647258,415247258
899,9/10/2010,Resident Evil: Afterlife,57500000,60128566,295874190
900,6/15/2012,That's My Boy,57500000,36931089,58085235
901,10/17/1997,Devil's Advocate,57000000,61007424,153007424
902,2/17/2012,Ghost Rider: Spirit of Vengeance,57000000,51774002,149217355
903,5/31/1996,Dragonheart,57000000,51364680,104364680
904,11/12/2004,After the Sunset,57000000,28328132,38329114
905,8/17/2001,Captain Corelli's Mandolin,57000000,25528495,62097495
906,12/25/2014,Into the Woods,56200000,128002372,203502372
907,4/11/2003,Anger Management,56000000,135560942,195660942
908,3/4/2005,The Pacifier,56000000,113006880,198006880
909,4/2/2004,Walking Tall,56000000,46213824,47313824
910,1/22/2016,Zhuo yao ji,56000000,32766,386096060
911,7/6/1994,Forrest Gump,55000000,330151138,679850637
912,12/14/2007,Alvin and the Chipmunks,55000000,217326974,362605033
913,2/11/2005,Hitch,55000000,177784257,366784257
914,10/6/2000,Meet the Parents,55000000,166225040,330425040
915,12/15/2006,The Pursuit of Happyness,55000000,162586036,307325633
916,6/10/1995,Pocahontas,55000000,141579773,347100000
917,12/15/1978,Superman,55000000,134218018,300200000
918,6/28/1996,The Nutty Professor,55000000,128814019,273814019
919,2/10/2017,Fifty Shades Darker,55000000,114434010,380981543
920,10/11/2013,Captain Phillips,55000000,107136417,220648184
921,7/16/1997,George Of The Jungle,55000000,105263257,174463257
922,8/1/2003,American Wedding,55000000,104354205,126425115
923,9/26/2014,The Equalizer,55000000,101530738,192903624
924,5/26/1995,Casper,55000000,100328194,282300000
925,4/9/2010,Date Night,55000000,98711404,152269033
926,12/13/2002,Maid in Manhattan,55000000,93932896,163838217
927,5/12/1995,Crimson Tide,55000000,91387195,159387195
928,9/23/2005,Flightplan,55000000,89706988,214392904
929,12/9/1994,Disclosure,55000000,83015089,212200000
930,4/10/1998,City of Angels,55000000,78750909,198750909
931,1/16/2015,Paddington,55000000,76223578,259541430
932,4/28/2006,R.V.,55000000,71724497,87473024
933,10/28/1994,Stargate,55000000,71565669,196565669
934,10/10/2003,Kill Bill: Volume 1,55000000,70098138,176469428
935,6/17/2011,Mr. Poppers's Penguins,55000000,68224452,189624452
936,8/13/1999,Bowfinger,55000000,66458769,98699769
937,4/16/2004,Kill Bill: Volume 2,55000000,66207920,153535982
938,12/22/1989,Tango & Cash,55000000,63408614,63408614
939,7/31/1992,Death Becomes Her,55000000,58422650,149022650
940,5/26/2000,Shanghai Noon,55000000,56932305,71189835
941,3/15/1996,Executive Decision,55000000,56679192,122079192
942,11/1/2013,Free Birds,55000000,55750480,110387072
943,5/22/1992,Alien 3,55000000,54927174,158500000
944,4/18/2008,The Forbidden Kingdom,55000000,52075270,129075270
945,12/22/2004,The Phantom of the Opera,55000000,51225796,153974114
946,3/21/2014,Muppets Most Wanted,55000000,51178893,79312301
947,12/25/1996,Evita,55000000,50047179,151947179
948,8/19/2016,Kubo and the Two Strings,55000000,48023088,77548564
949,9/25/1998,Ronin,55000000,41610884,70692101
950,11/24/2010,Burlesque,55000000,39440655,90552675
951,10/11/1996,The Ghost and the Darkness,55000000,38564422,38564422
952,10/24/2008,Changeling,55000000,35739802,113805580
953,7/27/2012,The Watch,55000000,34353000,67130045
954,3/14/2003,The Hunted,55000000,34234008,47213095
955,6/4/1999,Instinct,55000000,34105207,34105207
956,12/12/2003,Stuck On You,55000000,33832741,63537164
957,2/29/2008,Semi-Pro,55000000,33479698,43980363
958,10/16/2015,Crimson Peak,55000000,31090320,75466595
959,4/27/2012,The Pirates! Band of Misfits,55000000,31051126,136143605
960,12/2/2005,Aeon Flux,55000000,25857987,53913573
961,8/2/1996,Chain Reaction,55000000,21226204,60209334
962,8/16/1996,The Fan,55000000,18582965,18582965
963,10/12/2007,Elizabeth: The Golden Age,55000000,16285240,74870866
964,6/12/2009,Imagine That,55000000,16123323,16123323
965,2/21/2003,Gods and Generals,55000000,12882934,12923936
966,1/10/1997,Turbulence,55000000,11532774,11532774
967,2/1/2013,Bullet to the Head,55000000,9489829,22597969
968,9/22/2006,All the King's Men,55000000,7221458,9521458
969,7/30/2004,Thunderbirds,55000000,6768055,28231444
970,11/26/2004,Un long dimanche de fiançailles,55000000,6167817,69759296
971,5/4/2007,Lucky You,55000000,5755286,6521829
972,7/22/1998,Lolita,55000000,1147784,1147784
973,9/20/2002,Eye See You,55000000,79161,1807990
974,6/19/1981,Superman II,54000000,108185706,108185706
975,3/22/2002,Blade 2,54000000,81676888,154338601
976,7/14/2006,"You, Me and Dupree",54000000,75802010,130402010
977,12/19/2008,Seven Pounds,54000000,69951824,166617328
978,12/25/1990,The Godfather: Part III,54000000,66520529,66520529
979,10/14/2005,Elizabethtown,54000000,26850426,50719373
980,8/1/2003,Gigli,54000000,6087542,7126002
981,6/16/2000,Shaft,53012938,70327868,107190108
982,8/5/2005,The Dukes of Hazzard,53000000,80270227,109848461
983,10/16/2009,Law Abiding Citizen,53000000,73357727,131159781
984,9/18/2015,Black Mass,53000000,62575678,98837872
985,11/14/1997,Anastasia,53000000,58403409,139801290
986,5/18/2001,Moulin Rouge,53000000,57386369,179209685
987,11/2/2001,Domestic Disturbance,53000000,45207112,54207112
988,10/20/2006,Flags of Our Fathers,53000000,33602376,63657941
989,4/6/2007,Grindhouse,53000000,25031037,50187789
990,10/16/1998,Beloved,53000000,22852487,22852487
991,12/19/2012,Zero Dark Thirty,52500000,95720716,134612435
992,12/25/2002,Catch Me if You Can,52000000,164606800,355612291
993,7/18/2008,Mamma Mia!,52000000,144130063,615748877
994,6/2/2006,The Break-Up,52000000,118703275,205727307
995,2/12/2010,Valentine's Day,52000000,110485654,217569328
996,11/22/1995,Casino,52000000,42438300,110400000
997,8/5/2011,The Change-Up,52000000,37081475,75835124
998,12/23/1998,The Thin Red Line,52000000,36400491,97709034
999,12/22/1999,Man on the Moon,52000000,34580635,47407635
1000,2/5/2010,From Paris With Love,52000000,24077427,53139168
,4/23/2004,13 Going On 30,"$37,000,000 ","$57,139,723 ","$97,658,712 "
,10/5/1961,Breakfast at Tiffany's,,"$9,551,904 ","$9,551,904 "
,9/26/1986,Crocodile Dundee,"$8,800,000 ","$174,803,506 ","$328,203,506 "
,5/25/1988,Crocodile Dundee 2,"$14,000,000 ","$109,306,210 ","$239,606,210 "
,4/20/2001,Crocodile Dundee in Los Angeles,,"$25,590,119 ","$39,393,111 "
,3/29/2002,Death to Smoochy,"$50,000,000 ","$8,355,815 ","$8,374,062 "
,3/19/2004,Eternal Sunshine of the Spotless Mind,"$20,000,000 ","$34,366,518 ","$72,625,689 "
,5/19/1998,Godzilla,"$125,000,000 ","$136,314,294 ","$376,000,000 "
,5/16/2014,Godzilla,"$160,000,000 ","$200,676,069 ","$529,076,069 "
,9/13/2016,Godzilla 1984: Return of Godzilla,,$0 ,$0 
,12/31/1984,Godzilla 1985,,$0 ,$0 
,8/18/2000,Godzilla 2000,,"$10,037,390 ","$10,037,390 "
,12/31/2002,Godzilla Against Mechagodzilla,,$0 ,$0 
,12/31/1992,Godzilla and Mothra: The Battle for Earth,,$0 ,$0 
,12/31/1955,Godzilla Raids Again,,$0 ,$0 
,12/31/1989,Godzilla vs. Biollante,,$0 ,$0 
,12/31/1995,Godzilla vs. Destroyah,,$0 ,$0 
,12/31/1972,Godzilla vs. Gigan,,$0 ,$0 
,12/31/1971,Godzilla vs. Hedorah,,$0 ,$0 
,12/31/1991,Godzilla vs. King Chidorah,,$0 ,$0 
,5/22/2020,Godzilla Vs. Kong,,$0 ,$0 
,12/31/1974,Godzilla vs. Mechagodzilla,,$0 ,$0 
,12/31/1993,Godzilla vs. Mechagodzilla II,,$0 ,$0 
,12/31/2000,Godzilla vs. Megaguirus,,$0 ,$0 
,12/31/1973,Godzilla vs. Megalon,,$0 ,$0 
,12/31/1994,Godzilla vs. Space Godzilla,,$0 ,$0 
,12/31/1966,Godzilla vs. the Sea Monster,,$0 ,$0 
,12/31/2001,"Godzilla, Mothra and King Ghidorah: Giant Monsters All-Out Attack",,$0 ,$0 
,1/1/1956,Godzilla: King of the Monsters,,$0 ,$0 
,3/22/2019,Godzilla: King of the Monsters,,$0 ,$0 
,12/31/2003,Godzilla: Tokyo S.O.S.,,$0 ,$0 
,4/18/2014,Gojira,,"$491,389 ","$491,389 "
,8/23/1985,Gojira,,"$2,443,200 ","$2,443,200 "
,4/1/2014,King Kong vs. Godzilla,,$0 ,$0 
,12/31/1964,Mothra vs. Godzilla,,$0 ,$0 
,8/14/2014,Rifftrax Live: Godzilla,,$0 ,$0 
,12/31/1967,Son of Godzilla,,$0 ,$0 
,12/31/1975,Terror of Mechagodzilla,,$0 ,$0 
,10/11/2016,Shin Godjira,,"$1,908,028 ","$75,612,484 "
,12/19/1979,Kramer vs. Kramer,,"$106,260,000 ","$106,260,000 "
,4/25/1979,Manhattan,,"$39,946,780 ","$39,946,780 "
,8/18/1993,Manhattan Murder Mystery,,"$11,330,911 ","$11,330,911 "
,5/20/2016,Manhattan Nocturne,,$0 ,"$150,432 "
,6/13/1986,The Manhattan Project,,"$3,900,000 ","$3,900,000 "
,9/21/2007,Adrift in Manhattan,,$0 ,$0 
,2/15/2000,American Tail: The Treasure of Manhattan Island,,$0 ,$0 
,7/28/1989,Friday the 13th Part VIII: Jason Takes Manhattan,,"$14,343,976 ","$14,343,976 "
,5/7/2013,Great Gatsby: Midnight in Manhattan,,$0 ,$0 
,9/30/2005,Little Manhattan,,"$385,373 ","$385,373 "
,12/13/2002,Maid in Manhattan,,"$93,932,896 ","$163,838,217 "
,5/16/1997,Night Falls On Manhattan,,"$9,889,670 ","$9,889,670 "
,1/1/1942,Tales of Manhattan,,"$5,200,000 ","$5,200,000 "
,7/13/1984,The Muppets Take Manhattan,,"$25,534,703 ","$25,534,703 "
,10/6/2000,Requiem for a Dream,"$4,500,000 ","$3,635,482 ","$7,389,233 "
,12/16/1977,Saturday Night Fever,,"$139,486,124 ","$282,400,000 "
,12/3/1999,Sweet and Lowdown,,"$4,196,621 ","$4,196,621 "
,12/31/2011,Sweet Baby Jesus,,$0 ,$0 
,1/1/1969,Sweet Charity,,"$8,000,000 ","$8,000,000 "
,3/16/2018,Sweet Country,,$0 ,$823 
,10/2/1985,Sweet Dreams,,"$9,100,000 ","$9,100,000 "
,11/15/2013,Sweet Dreams,,"$59,403 ","$59,403 "
,9/23/1988,Sweet Hearts Dance,,"$3,790,493 ","$3,790,493 "
,9/27/2002,Sweet Home Alabama,"$38,000,000 ","$127,214,072 ","$182,365,114 "
,5/2/2017,Sweet Home Carolina,,$0 ,$0 
,7/14/2000,Sweet Jane,,$967 ,$967 
,6/14/2011,Sweet Karma,,$0 ,$0 
,10/13/2006,Sweet Land,,"$1,706,325 ","$1,706,325 "
,5/14/1986,Sweet Liberty,,"$14,205,021 ","$14,205,021 "
,4/21/2015,Sweet Lorraine,,$0 ,$0 
,9/6/1996,Sweet Nothing,,"$79,249 ","$79,249 "
,2/16/2001,Sweet November,"$40,000,000 ","$25,288,103 ","$65,754,228 "
,12/31/1986,Sweet Revenge,,$0 ,$0 
,5/16/2003,Sweet Sixteen,,"$304,676 ","$304,676 "
,12/31/2017,Sweet Sweet Summertime,,$0 ,$0 
,1/1/1971,Sweet Sweetback's Baad Asssss Song,,"$15,200,000 ","$15,200,000 "
,5/10/1991,Sweet Talker,,"$258,105 ","$258,105 "
,11/17/2017,Sweet Virginia,,$0 ,$0 
,1/6/2010,Sweetgrass,,"$207,473 ","$207,473 "
,1/1/1938,Sweethearts,,"$3,000,000 ","$3,000,000 "
,9/6/2016,Sweethearts of the Gridiron,,$0 ,$0 
,9/17/2010,Sweethearts of the Prison Rodeo,,"$2,198 ","$2,198 "
,12/31/2016,Sweetheat Deal,,$0 ,$0 
,12/31/2017,Sweetiee Weds NRI,,$0 ,"$22,666 "
,10/11/2013,Sweetwater,,"$6,147 ","$6,147 "
,4/29/1994,When a Man Loves a Woman,,"$50,021,959 ","$50,021,959 "
,9/28/1979,When a Stranger Calls,,"$1,262,052 ","$1,262,052 "
,2/3/2006,When a Stranger Calls,,"$47,860,214 ","$67,215,435 "
,3/9/2001,When Brandon Met Trudy,,"$132,384 ","$132,384 "
,12/31/2013,When Calls the Heart,,$0 ,$0 
,9/5/2017,When Calls the Heart: Healing Heart,,$0 ,$0 
,6/23/2015,When Calls The Heart: Heart and Soul,,$0 ,$0 
,7/4/2017,When Calls the Heart: The Heart of a Teacher,,$0 ,$0 
,3/21/2017,When Calls the Heart: The Heart of Faith,,$0 ,$0 
,8/2/2013,When Comedy Went to School,,"$365,548 ","$365,548 "
,4/7/2006,When Do We Eat?,,"$431,513 ","$431,513 "
,1/17/2017,When Elephants Were Young,,$0 ,$0 
,7/14/1989,When Harry Met Sally…,"$16,000,000 ","$92,823,546 ","$92,961,960 "
,4/22/2011,When Harry Tries to Marry,,"$38,261 ","$38,261 "
,7/10/1998,When I Close My Eyes,,$0 ,$0 
,4/8/2016,When I Live My Life Over Again,,$0 ,$0 
,1/29/2010,When in Rome,,"$32,680,633 ","$43,796,937 "
,12/31/2016,When Larry Met Mary,,$0 ,"$28,751,939 "
,12/31/2008,When Love Begins...,,$0 ,"$961,448 "
,6/25/1999,When Love Comes,,"$3,242 ","$3,242 "
,12/31/2014,When Love Happens,,$0 ,"$7,573 "
,12/31/2016,When Love Happens Again,,$0 ,$0 
,11/17/1995,When Night is Falling,,"$919,671 ","$919,671 "
,12/31/2005,When Shadows Die,,$0 ,$0 
,6/20/2006,When Stand Up Stood Out,,$0 ,$0 
,9/9/2016,When the Bough Breaks,,"$29,747,603 ","$30,629,507 "
,9/20/1996,When The Cat's Away,,"$1,652,472 ","$2,525,984 "
,8/4/2015,When the Checks Stop Coming In,,$0 ,$0 
,8/22/2014,When the Game Stands Tall,,"$30,127,963 ","$30,138,912 "
,10/19/2012,When the Iron Bird Flies,,"$13,598 ","$13,598 "
,6/15/2007,When the Road Bends: Tales of a Gypsy Caravan,,"$442,936 ","$442,936 "
,3/28/1980,When Time Ran Out...,,"$3,763,988 ","$3,763,988 "
,8/17/2016,When Two Worlds Collide,,"$12,080 ","$12,080 "
,10/25/1996,When We Were Kings,,"$2,666,118 ","$4,647,606 "
,9/10/2004,When Will I Be Loved,,"$159,429 ","$159,429 "
,12/31/2011,When Worlds Collide,,$0 ,$0 
,4/9/2010,When You're Strange: A Film About The Doors,,"$246,078 ","$246,078 "
,4/14/2000,American Psycho,"$8,000,000 ","$15,070,285 ","$28,674,417 "
,10/18/1961,West Side Story,"$6,000,000 ","$43,700,000 ",$0 
,6/8/1984,Ghostbusters,"$30,000,000 ","$242,212,467 ","$295,212,467 "
,9/14/1990,State of Grace,,"$1,911,542 ",
,2/8/1976,Taxi Driver,"$1,000,000 ","$28,262,574 ","$28,316,211 "
,12/10/1982,Sophie's Choice,,"$25,215,547 ",
,10/14/1994,I Like it Like That,,"$1,138,499 ",
,12/19/2002,25th Hour,"$4,500,000 ","$13,084,595 ","$25,344,490 "
