{
	"name" : "Entry",
	"type" : "FeatureCollection",
	"features" : [
		{
			"type" : "Feature",
			"geometry" : {
				"type" : "Point",
				"coordinates" : [ -122.945623, 49.166306 ]
			},
			"properties" : {
				"Title" : "Highway 91 Southbound - Expect Delays",
				"Content" : "Vehicle Stall on Highway 91 Southbound after Ramp from Cliveden Ave is now clear. Updated on Wed May 10 3:18 pm PDT. (ID# RTMC_13498)",
				"Id" : "http://www.drivebc.ca/~RTMC_13498",
				"PublishedDate" : "Wed, 10 May 2017 15:18:29 -0800",
				"LinkURI" : "http://www.drivebc.ca/~RTMC_13498"
			}
		},
		{
			"type" : "Feature",
			"geometry" : {
				"type" : "Point",
				"coordinates" : [ -121.406071, 49.56294 ]
			},
			"properties" : {
				"Title" : "Highway 1 Both directions - Single Lane Alternating",
				"Content" : "Road Work on Highway 1, 1 KM North of Yale. Single lane alternating traffic will be in effect Monday to Friday effective 08/05/2017 until 12/05/2017 from 7:00:00 AM to 5:30:00 PM daily. Expect delays. Updated on Thu May 4 10:59 am PDT. (ID# RTMC_13426)",
				"Id" : "http://www.drivebc.ca/~RTMC_13426",
				"PublishedDate" : "Thu, 04 May 2017 10:59:50 -0800",
				"LinkURI" : "http://www.drivebc.ca/~RTMC_13426"
			}
		},
		{
			"type" : "Feature",
			"geometry" : {
				"type" : "Point",
				"coordinates" : [ -121.441884, 49.865281 ]
			},
			"properties" : {
				"Title" : "Highway 1 Both directions - Single Lane Alternating",
				"Content" : "Road sweeping Highway 1 both directions between Boston Bar and Jackass Mountain will be in effect daily from 09/05/2017 at 7:00 AM until 11/05/2017 at 5:30 PM. Updated on Thu May 4 11:01 am PDT. (ID# RTMC_13427)",
				"Id" : "http://www.drivebc.ca/~RTMC_13427",
				"PublishedDate" : "Thu, 04 May 2017 11:01:51 -0800",
				"LinkURI" : "http://www.drivebc.ca/~RTMC_13427"
			}
		},
		{
			"type" : "Feature",
			"geometry" : {
				"type" : "Point",
				"coordinates" : [ -122.124689, 49.089414 ]
			},
			"properties" : {
				"Title" : "Highway 1 Both directions - Drive Carefully",
				"Content" : "Abbotsford Tulip Festival at No. 3 Rd will occur Friday, Saturday and Sunday starting April 10 through May 14 from 9am-7pm. Expect delays. Updated on Fri Mar 17 12:48 pm PDT. (ID# RTMC_12926)",
				"Id" : "http://www.drivebc.ca/~RTMC_12926",
				"PublishedDate" : "Fri, 17 Mar 2017 12:48:20 -0800",
				"LinkURI" : "http://www.drivebc.ca/~RTMC_12926"
			}
		},
		{
			"type" : "Feature",
			"geometry" : {
				"type" : "Point",
				"coordinates" : [ -123.031474, 49.280658 ]
			},
			"properties" : {
				"Title" : "Highway 1 Both directions - Drive Carefully",
				"Content" : "Maintenance in the Cassiar Tunnel will be in effect nightly 10:30:00 PM until 5:00:00 AM from May 14-16. Lane closures will be in effect. Updated on Fri Apr 28 2:57 am PDT. (ID# RTMC_13364)",
				"Id" : "http://www.drivebc.ca/~RTMC_13364",
				"PublishedDate" : "Fri, 28 Apr 2017 02:57:40 -0800",
				"LinkURI" : "http://www.drivebc.ca/~RTMC_13364"
			}
		},
		{
			"type" : "Feature",
			"geometry" : {
				"type" : "Point",
				"coordinates" : [ -123.026383, 49.295829 ]
			},
			"properties" : {
				"Title" : "Highway 1 Eastbound - Drive Carefully",
				"Content" : "Bridge Maintenance on Ironworkers Memorial Bridge will be in effect today 10pm until 10/05/2017 at 5:00:00 AM. Right lane closure will be in effect. Updated on Tue May 9 10:26 pm PDT. (ID# RTMC_13488)",
				"Id" : "http://www.drivebc.ca/~RTMC_13488",
				"PublishedDate" : "Tue, 09 May 2017 22:26:38 -0800",
				"LinkURI" : "http://www.drivebc.ca/~RTMC_13488"
			}
		},
		{
			"type" : "Feature",
			"geometry" : {
				"type" : "Point",
				"coordinates" : [ -121.578294, 49.355361 ]
			},
			"properties" : {
				"Title" : "Highway 1 Eastbound - Drive Carefully",
				"Content" : "Deck patching on Hunter Creek Bridge will be in effect on 09/05/2017 from 8:30am to 3:30 pm. Lane closure will be in effect. Updated on Mon May 8 4:05 pm PDT. (ID# RTMC_13471)",
				"Id" : "http://www.drivebc.ca/~RTMC_13471",
				"PublishedDate" : "Mon, 08 May 2017 16:05:55 -0800",
				"LinkURI" : "http://www.drivebc.ca/~RTMC_13471"
			}
		},
		{
			"type" : "Feature",
			"geometry" : {
				"type" : "Point",
				"coordinates" : [ -122.342336, 49.040026 ]
			},
			"properties" : {
				"Title" : "Highway 1 Eastbound - Expect Delays",
				"Content" : "Road Work on Highway 1 Eastbound And Westbound from Bradner Rd to MacCallum Rd, temporarily close WB ramp at McCallum &amp;amp; Clearbrook. As well as temporarily close EB ramp at Fraser Hwy. This will be in effect May 12, 2017 at 1:00 AM until 1:10 AM. Updated on Thu May 4 3:56 pm PDT. (ID# RTMC_13435)",
				"Id" : "http://www.drivebc.ca/~RTMC_13435",
				"PublishedDate" : "Thu, 04 May 2017 15:56:46 -0800",
				"LinkURI" : "http://www.drivebc.ca/~RTMC_13435"
			}
		},
		{
			"type" : "Feature",
			"geometry" : {
				"type" : "Point",
				"coordinates" : [ -122.338419, 49.038002 ]
			},
			"properties" : {
				"Title" : "Highway 1 Eastbound - Expect Delays",
				"Content" : "Road Work on Highway 1 Eastbound after Ramp from Fraser Hwy to Clearbrook Road. Blocking the right lane East bound and West bound. will be in effect May 11, 2017 at 10:00 AM until May 12, 2017 at 5:00 AM. Updated on Thu May 4 3:46 pm PDT. (ID# RTMC_13434)",
				"Id" : "http://www.drivebc.ca/~RTMC_13434",
				"PublishedDate" : "Thu, 04 May 2017 15:46:54 -0800",
				"LinkURI" : "http://www.drivebc.ca/~RTMC_13434"
			}
		},
		{
			"type" : "Feature",
			"geometry" : {
				"type" : "Point",
				"coordinates" : [ -123.274558, 49.361406 ]
			},
			"properties" : {
				"Title" : "Highway 1 Westbound - Drive Carefully",
				"Content" : "Highway 1 Westbound will be closed after Ramp to Keith Rd because of Road Work. Road Work will be in until 01/06/2017 at 11:59:00 PM. Access to Marine Drive via Highway 1 NB at Exit 3 will be closed due to construction effective until June 01, 2017. All traffic must use use Exit 2. Updated on Mon Apr 3 6:31 pm PDT. (ID# RTMC_12994)",
				"Id" : "http://www.drivebc.ca/~RTMC_12994",
				"PublishedDate" : "Mon, 03 Apr 2017 18:31:47 -0800",
				"LinkURI" : "http://www.drivebc.ca/~RTMC_12994"
			}
		},
		{
			"type" : "Feature",
			"geometry" : {
				"type" : "Point",
				"coordinates" : [ -122.730589, 49.10416 ]
			},
			"properties" : {
				"Title" : "Highway 10 Westbound - Expect Delays",
				"Content" : "Cloverdale Rodeo Parade on Highway 10 Westbound between 177 B St and 176 St will be in effect 20/05/2017 at 8:00 AM until 12:00 PM. Surrey RCMP will be in attendance to control traffic. Motorists to obey traffic control personnel and signage. Updated on Mon May 8 2:05 pm PDT. (ID# RTMC_13466)",
				"Id" : "http://www.drivebc.ca/~RTMC_13466",
				"PublishedDate" : "Mon, 08 May 2017 14:05:19 -0800",
				"LinkURI" : "http://www.drivebc.ca/~RTMC_13466"
			}
		},
		{
			"type" : "Feature",
			"geometry" : {
				"type" : "Point",
				"coordinates" : [ -124.562445, 49.888015 ]
			},
			"properties" : {
				"Title" : "Highway 101 Both directions - Heavy Delays",
				"Content" : "Special Event will be in effectbetween Joncas Pl and Sutherland Ave on May 19, 2017 from 9:15am to 9:45am. Expect delays up to 30 mins. Updated on Tue May 9 5:21 pm PDT. (ID# RTMC_13103)",
				"Id" : "http://www.drivebc.ca/~RTMC_13103",
				"PublishedDate" : "Tue, 09 May 2017 17:21:52 -0800",
				"LinkURI" : "http://www.drivebc.ca/~RTMC_13103"
			}
		},
		{
			"type" : "Feature",
			"geometry" : {
				"type" : "Point",
				"coordinates" : [ -123.521, 49.406679 ]
			},
			"properties" : {
				"Title" : "Highway 101 Both directions - Single Lane Alternating",
				"Content" : "Crack sealing in Gibsons will be in effect daily 8am-7pm starting May 9-16. The road will be reduced to single lane alternating traffic with 5-10 minute delays. Updated on Mon May 8 3:52 pm PDT. (ID# RTMC_13469)",
				"Id" : "http://www.drivebc.ca/~RTMC_13469",
				"PublishedDate" : "Mon, 08 May 2017 15:52:00 -0800",
				"LinkURI" : "http://www.drivebc.ca/~RTMC_13469"
			}
		},
		{
			"type" : "Feature",
			"geometry" : {
				"type" : "Point",
				"coordinates" : [ -123.626448, 49.423119 ]
			},
			"properties" : {
				"Title" : "Highway 101 Eastbound - Expect Delays",
				"Content" : "Crack sealing on Highway 101 between Gibsons and Sechelt will be in effect May 5th to May 19th from 7:00 AM to 7:00 PM. Expect 20 min delays. Updated on Tue Apr 25 7:47 am PDT. (ID# RTMC_13324)",
				"Id" : "http://www.drivebc.ca/~RTMC_13324",
				"PublishedDate" : "Tue, 25 Apr 2017 07:47:37 -0800",
				"LinkURI" : "http://www.drivebc.ca/~RTMC_13324"
			}
		},
		{
			"type" : "Feature",
			"geometry" : {
				"type" : "Point",
				"coordinates" : [ -122.265314, 49.01129 ]
			},
			"properties" : {
				"Title" : "Highway 11 Northbound - Drive Carefully",
				"Content" : "Road Work on Highway 11 Northbound before Vye Road. Right lane closure will be in effect 01/05/2017 until 15/05/2017 from8:00:00 PM until 5:00:00 AM nightly. Drive with care. Updated on Thu Apr 20 11:42 am PDT. (ID# RTMC_13286)",
				"Id" : "http://www.drivebc.ca/~RTMC_13286",
				"PublishedDate" : "Thu, 20 Apr 2017 11:42:57 -0800",
				"LinkURI" : "http://www.drivebc.ca/~RTMC_13286"
			}
		},
		{
			"type" : "Feature",
			"geometry" : {
				"type" : "Point",
				"coordinates" : [ -122.941042, 49.156844 ]
			},
			"properties" : {
				"Title" : "Highway 17 SFPR Eastbound - Expect Delays",
				"Content" : "Road Maintenance on Highway 17 Eastbound after Hwy 91 Connector will be in effect May 10, 2017 at 9:00 AM until 12:00 PM. Right lane will be blocked for pothole repairs during this time. Updated on Wed May 10 9:15 am PDT. (ID# RTMC_13493)",
				"Id" : "http://www.drivebc.ca/~RTMC_13493",
				"PublishedDate" : "Wed, 10 May 2017 09:15:01 -0800",
				"LinkURI" : "http://www.drivebc.ca/~RTMC_13493"
			}
		},
		{
			"type" : "Feature",
			"geometry" : {
				"type" : "Point",
				"coordinates" : [ -120.56008, 49.193634 ]
			},
			"properties" : {
				"Title" : "Highway 3 Both directions - Expect Delays",
				"Content" : "Road Work between Sunday Summit and Manning Park Boundary will be in effect daily May 1, 2017 to July 31, 2017, 8:30 AM to 6:00 PM. Temporary lane closures and single lane alternating traffic may be in effect. Traffic is reduced to 70 KM/Hr. Updated on Tue May 9 6:09 pm PDT. (ID# RTMC_13397)",
				"Id" : "http://www.drivebc.ca/~RTMC_13397",
				"PublishedDate" : "Tue, 09 May 2017 18:09:05 -0800",
				"LinkURI" : "http://www.drivebc.ca/~RTMC_13397"
			}
		},
		{
			"type" : "Feature",
			"geometry" : {
				"type" : "Point",
				"coordinates" : [ -121.851429, 49.243934 ]
			},
			"properties" : {
				"Title" : "Highway 7 Both directions - Drive Carefully",
				"Content" : "Road Maintenance between Dyke Rd and Bodnar Rd will daily 10/05/2017 until 24/05/2017 from 7:00:00 AM to 7:00:00 PM. Lane closures will be in effect. Updated on Tue May 9 6:49 pm PDT. (ID# RTMC_13484)",
				"Id" : "http://www.drivebc.ca/~RTMC_13484",
				"PublishedDate" : "Tue, 09 May 2017 18:49:06 -0800",
				"LinkURI" : "http://www.drivebc.ca/~RTMC_13484"
			}
		},
		{
			"type" : "Feature",
			"geometry" : {
				"type" : "Point",
				"coordinates" : [ -122.344757, 49.133703 ]
			},
			"properties" : {
				"Title" : "Highway 7 Eastbound - None",
				"Content" : "Road cycling relay from Junction with Boundary Road, in Burnaby to Mission, 6:00 am to 6:00 pm on Wed May 10. La Grande Traversee is a national road cycling relay for high school students. The relay will have police escort throughout the province of BC. Motorists to watch for cyclists and obey police escorts. Updated on Fri Apr 28 at 3:00 am PDT. (ID# -63378)",
				"Id" : "http://www.drivebc.ca/~-63378",
				"PublishedDate" : "Fri, 28 Apr 2017 03:00:12 -0800",
				"LinkURI" : "http://www.drivebc.ca/~-63378"
			}
		},
		{
			"type" : "Feature",
			"geometry" : {
				"type" : "Point",
				"coordinates" : [ -122.325545, 49.132884 ]
			},
			"properties" : {
				"Title" : "Highway 7 Westbound - Drive Carefully",
				"Content" : "Electrical work at Highway 11 junction will be in effect 11/05/2017 at 8:00:00 PM until 12/05/2017 at 3:00:00 AM. Lane closures will be in effect. Updated on Tue May 9 7:08 pm PDT. (ID# RTMC_13485)",
				"Id" : "http://www.drivebc.ca/~RTMC_13485",
				"PublishedDate" : "Tue, 09 May 2017 19:08:16 -0800",
				"LinkURI" : "http://www.drivebc.ca/~RTMC_13485"
			}
		},
		{
			"type" : "Feature",
			"geometry" : {
				"type" : "Point",
				"coordinates" : [ -122.76569, 49.236277 ]
			},
			"properties" : {
				"Title" : "Highway 7B Eastbound - Drive Carefully",
				"Content" : "Roadside brushing on Highway 7B Eastbound after Pitt River Rd will be in effect May 10 at 8:30 AM until 3:00 PM. A rolling right lane closure will be in place during this time. Updated on Wed May 10 8:31 am PDT. (ID# RTMC_13491)",
				"Id" : "http://www.drivebc.ca/~RTMC_13491",
				"PublishedDate" : "Wed, 10 May 2017 08:31:41 -0800",
				"LinkURI" : "http://www.drivebc.ca/~RTMC_13491"
			}
		},
		{
			"type" : "Feature",
			"geometry" : {
				"type" : "Point",
				"coordinates" : [ -121.77672, 49.20611 ]
			},
			"properties" : {
				"Title" : "Highway 9 Northbound - Drive Carefully",
				"Content" : "Bridge maintenance on Agassiz-Rosedale Bridge will occur on Tuesday, Wednesday and Thursday effective 09/05/2017 until 11/05/2017 from 8:30:00 AM to 3:30:00 PM. Lane closure will be in effect. Updated on Mon May 8 4:09 pm PDT. (ID# RTMC_13472)",
				"Id" : "http://www.drivebc.ca/~RTMC_13472",
				"PublishedDate" : "Mon, 08 May 2017 16:09:49 -0800",
				"LinkURI" : "http://www.drivebc.ca/~RTMC_13472"
			}
		},
		{
			"type" : "Feature",
			"geometry" : {
				"type" : "Point",
				"coordinates" : [ -122.750044, 50.312249 ]
			},
			"properties" : {
				"Title" : "Highway 99 Both directions - Expect Delays",
				"Content" : "Special Event between Old Pemberton Farm Road and North Arm Farm will be in effect 20/05/2017 at 11:00:00 AM until 11:10:00 AM. Expect 10 minute delays. Updated on Wed May 10 2:49 pm PDT. (ID# RTMC_13497)",
				"Id" : "http://www.drivebc.ca/~RTMC_13497",
				"PublishedDate" : "Wed, 10 May 2017 14:49:38 -0800",
				"LinkURI" : "http://www.drivebc.ca/~RTMC_13497"
			}
		},
		{
			"type" : "Feature",
			"geometry" : {
				"type" : "Point",
				"coordinates" : [ -123.176123, 49.660392 ]
			},
			"properties" : {
				"Title" : "Highway 99 Both directions - Drive Carefully",
				"Content" : "Bridge washing on Gonzales Creek Bridge daily effective May 7, 2017 until May 17, 2017 from 7:30 AM to 5:30 PM. Right lane closure will be in effect. Updated on Wed May 3 4:51 pm PDT. (ID# RTMC_13383)",
				"Id" : "http://www.drivebc.ca/~RTMC_13383",
				"PublishedDate" : "Wed, 03 May 2017 16:51:41 -0800",
				"LinkURI" : "http://www.drivebc.ca/~RTMC_13383"
			}
		},
		{
			"type" : "Feature",
			"geometry" : {
				"type" : "Point",
				"coordinates" : [ -123.147046, 49.689583 ]
			},
			"properties" : {
				"Title" : "Highway 99 Both directions - Drive Carefully",
				"Content" : "Bridge Maintenance on Mamquam River Bridge will occur on May 10th, 2017 from 7:30:00 AM to 5:30:00 PM. Lane closures will be in effect. Updated on Tue May 9 3:17 pm PDT. (ID# RTMC_13467)",
				"Id" : "http://www.drivebc.ca/~RTMC_13467",
				"PublishedDate" : "Tue, 09 May 2017 15:17:16 -0800",
				"LinkURI" : "http://www.drivebc.ca/~RTMC_13467"
			}
		},
		{
			"type" : "Feature",
			"geometry" : {
				"type" : "Point",
				"coordinates" : [ -123.075823, 49.122057 ]
			},
			"properties" : {
				"Title" : "Highway 99 Northbound - Drive Carefully",
				"Content" : "Road Maintenance in Massey Tunnel will be in effect today 10pm until 10/05/2017 at 5:00:00 AM. Lane closure will be in effect. Updated on Tue May 9 10:24 pm PDT. (ID# RTMC_13487)",
				"Id" : "http://www.drivebc.ca/~RTMC_13487",
				"PublishedDate" : "Tue, 09 May 2017 22:24:58 -0800",
				"LinkURI" : "http://www.drivebc.ca/~RTMC_13487"
			}
		},
		{
			"type" : "Feature",
			"geometry" : {
				"type" : "Point",
				"coordinates" : [ -123.208799, 49.632541 ]
			},
			"properties" : {
				"Title" : "Highway 99 Northbound - Drive Carefully",
				"Content" : "Road work on Highway 99 Northbound at Britannia Hill will be in effect May 06, at 8:00 AM until May 12, at 8:00 PM. Updated on Fri May 5 10:32 am PDT. (ID# RTMC_13450)",
				"Id" : "http://www.drivebc.ca/~RTMC_13450",
				"PublishedDate" : "Fri, 05 May 2017 10:32:16 -0800",
				"LinkURI" : "http://www.drivebc.ca/~RTMC_13450"
			}
		},
		{
			"type" : "Feature",
			"geometry" : {
				"type" : "Point",
				"coordinates" : [ -123.137886, 49.765991 ]
			},
			"properties" : {
				"Title" : "Highway 99 Northbound - Expect Delays",
				"Content" : "Paving operations on Highway 99 Northbound between Depot Rd and Garibaldi will be in effect 08/05/2017 at 9:00 AM until 02/06/2017 at 4:00 PM. No work after 12:00 pm Fridays, weekends or US/Canadian holidays. Updated on Mon May 8 8:40 am PDT. (ID# RTMC_13464)",
				"Id" : "http://www.drivebc.ca/~RTMC_13464",
				"PublishedDate" : "Mon, 08 May 2017 08:40:16 -0800",
				"LinkURI" : "http://www.drivebc.ca/~RTMC_13464"
			}
		}
	]
}